Firstname,male,female,occurrences
AADI,2,0,2
AADIL,2,0,3
AAISHA,0,2,5
AAKASH,9,0,16
AALAP,3,0,4
AALIYAH,0,22,34
AAMER,2,0,3
AAMIR,11,0,19
AAN,0,2,5
AARON,880,1,1706
AARTHI,0,4,5
AARTI,0,10,31
AASHISH,4,0,9
AASIM,5,0,6
AAYUSH,2,0,3
AB,7,2,15
ABA,1,3,8
ABAD,2,0,2
ABASS,2,0,2
ABAYOMI,4,0,5
ABBA,6,0,7
ABBAS,15,0,38
ABBE,0,14,32
ABBEY,4,36,78
ABBI,0,4,12
ABBIE,0,20,58
ABBIGAIL,0,2,3
ABBII,0,2,2
ABBIOLA,0,2,2
ABBOTT,1,1,3
ABBY,7,208,520
ABDALLA,4,0,5
ABDALLAH,3,0,6
ABDEL,18,0,24
ABDELRAHMAN,3,0,5
ABDER,2,0,2
ABDI,2,0,4
ABDIEL,9,0,13
ABDO,3,0,4
ABDOOL,2,0,4
ABDOU,6,0,10
ABDOUL,10,0,16
ABDOULAYE,11,0,17
ABDUL,110,1,152
ABDULAZIZ,5,0,7
ABDULLA,6,0,6
ABDULLAH,26,0,49
ABDULLAHI,3,0,5
ABDULLAI,2,0,2
ABDUL-QADIR,2,0,2
ABDULRAHMAN,5,0,7
ABDUR,5,0,7
ABDURRAHMAN,2,0,3
ABDUSSAMET,2,0,2
ABE,82,0,151
ABEBA,0,2,4
ABEDIN,3,0,3
ABEER,0,2,8
ABEL,57,0,88
ABELARDO,5,0,7
ABENA,0,24,38
ABEY,7,0,9
ABHA,0,5,9
ABHAY,7,0,17
ABHI,14,0,24
ABHIJEET,3,0,6
ABHIJIT,2,0,10
ABHILASH,9,0,10
ABHIMANYU,2,0,3
ABHINAV,14,0,21
ABHINAY,2,0,3
ABHISHEK,51,0,68
ABI,8,14,41
ABID,11,0,19
ABIDA,0,2,5
ABIDEMI,1,2,4
ABIE,19,2,41
ABIEL,3,0,5
ABIEZER,2,0,3
ABIGAIL,0,165,381
ABIGALE,0,3,6
ABIMAEL,3,0,5
ABIMBOLA,2,3,11
ABIN,2,0,3
ABIODUN,2,2,9
ABIOLA,0,10,24
ABIR,8,1,17
ABISHAI,3,0,4
ABISHEK,2,0,2
ABM,2,0,3
ABNER,11,0,14
ABO,2,0,4
ABOSEDE,0,2,2
ABOU,5,0,8
ABOUBACAR,2,0,6
ABRA,0,2,7
ABRAHAM,123,0,208
ABRAHAN,3,0,4
ABRAR,2,0,8
ABRIL,0,3,3
ABU,23,1,35
ABUBAKAR,5,0,7
ABUL,5,0,12
ABY,8,0,14
AC,8,3,22
ACACIA,0,3,13
ACE,41,1,70
ACHILLE,2,0,3
ACHILLES,11,0,14
ACHIM,2,0,3
ACHMED,3,0,3
ACHVA,2,0,2
ACHYUT,3,0,3
ACID,3,0,6
ACKEEM,2,0,3
ACKIM,2,0,2
ACOSTA,1,1,6
AD,4,3,10
ADA,2,85,169
ADAEZE,0,2,6
ADAH,0,4,6
ADAIR,0,4,7
ADALBERTO,12,0,17
ADALGISA,0,6,8
ADALISA,0,2,3
ADALIZ,0,3,3
ADAM,1802,4,3697
ADAMA,6,6,15
ADAMS,7,2,12
ADANA,0,4,7
ADANNA,0,9,14
ADAR,1,2,4
ADARA,0,4,4
ADARSH,2,0,5
ADASA,0,2,2
ADDAM,2,0,2
ADDI,2,1,6
ADDIE,1,16,40
ADDIS,4,2,9
ADDISON,11,2,26
ADDY,6,14,32
ADE,21,6,51
ADEBAYO,8,1,14
ADEBISI,2,1,4
ADEBOLA,0,3,7
ADEDAYO,3,1,7
ADEDOTUN,3,0,4
ADEEB,2,0,3
ADEEL,17,0,29
ADEGBOYEGA,3,0,3
ADEINA,0,2,2
ADEJOKE,0,3,4
ADEKEMI,1,1,4
ADEKUNLE,8,0,9
ADEL,21,4,54
ADELA,1,18,41
ADELAIDA,0,10,14
ADELAIDE,0,11,22
ADELE,0,72,133
ADELEKE,2,0,3
ADELIA,0,2,3
ADELINA,0,21,35
ADELINE,0,21,42
ADELLE,0,4,8
ADELSO,3,0,5
ADEM,17,0,21
ADEMOLA,7,0,9
ADEN,0,2,7
ADENA,0,11,24
ADENIKE,0,5,12
ADENIYI,3,0,8
ADEOLA,4,8,25
ADEPEJU,0,3,4
ADESH,2,0,3
ADESINA,1,1,2
ADESOJI,2,0,3
ADESOLA,1,2,3
ADETOLA,1,1,3
ADETOUN,0,3,3
ADETUNJI,2,0,3
ADEWALE,7,1,14
ADEY,2,0,3
ADEYEMI,5,1,8
ADEYINKA,3,2,6
ADHAM,8,0,10
ADI,22,31,101
ADIANA,0,2,3
ADIANEZ,0,2,2
ADIB,4,0,5
ADIE,1,1,6
ADIEL,6,0,7
ADIKA,3,0,4
ADIL,24,0,42
ADILSON,2,0,2
ADIN,3,0,8
ADINA,0,48,121
ADINAH,0,2,2
ADINE,0,2,4
ADIR,5,0,9
ADIRA,0,3,3
ADIS,5,2,10
ADISA,3,4,10
ADISON,4,1,6
ADIT,3,1,7
ADITI,1,15,38
ADITTO,2,0,2
ADITYA,31,0,64
ADJANAYE,0,2,2
ADJOA,0,6,8
ADJUA,0,2,2
ADLER,4,0,7
ADMIR,10,0,11
ADNAN,43,0,83
ADNANE,4,0,4
ADOLF,3,0,3
ADOLFO,37,0,52
ADOLPH,4,0,5
ADOLPHUS,4,0,6
ADON,3,0,6
ADONAI,3,2,6
ADONI,2,0,3
ADONIA,0,3,5
ADONIJAH,3,0,3
ADONIS,24,3,44
ADONNA,0,2,3
ADORA,0,5,9
ADORE,0,2,2
ADREA,0,2,2
ADREAN,1,1,3
ADREANA,0,2,4
ADRENA,0,3,4
ADRI,1,4,11
ADRIA,0,7,31
ADRIAAN,3,0,6
ADRIANA,1,255,503
ADRIANE,0,21,33
ADRIANN,1,1,2
ADRIANNA,0,32,76
ADRIANNE,0,36,74
ADRIANO,22,0,34
ADRIATIK,2,0,2
ADRIEAN,2,0,2
ADRIEL,7,1,18
ADRIELLE,0,2,6
ADRIEN,28,5,62
ADRIENA,0,2,2
ADRIENE,1,5,7
ADRIENNE,0,250,510
ADRINA,0,2,4
ADRION,2,0,4
ADRIS,1,1,2
ADRIÁN,416,34,785
ADUNNI,0,2,2
ADVA,0,4,6
ADWOA,0,6,12
ADY,3,7,12
ADÁN,11,0,18
AE,1,1,4
AEISHA,0,3,6
AERIEL,0,2,2
AERIN,0,3,4
AESHA,0,3,3
AFA,2,0,2
AFAQ,2,0,2
AFEISHA,0,3,4
AFESHIA,0,2,2
AFFAN,3,0,7
AFIA,0,3,11
AFIFA,0,2,3
AFIYA,0,11,20
AFONSO,3,0,3
AFRAZ,4,0,5
AFREEN,0,2,4
AFRIKAN,1,1,3
AFRIM,3,0,7
AFRODITI,0,2,3
AFRON,2,0,2
AFROZA,0,2,2
AFSANA,0,5,10
AFSER,1,1,2
AFSHAN,0,5,14
AFSHEEN,1,2,5
AFSHIN,4,0,10
AFTON,0,6,8
AFUA,0,5,11
AFZAL,4,0,5
AG,4,2,8
AGA,1,7,12
AGAM,2,0,3
AGAPI,0,2,3
AGATA,0,27,54
AGATHA,0,11,34
AGATHE,0,7,16
AGGIE,0,14,29
AGGREY,2,0,2
AGI,1,6,10
AGIM,7,0,13
AGNE,0,3,3
AGNESE,0,6,8
AGNIESZKA,0,41,88
AGNÈS,0,105,192
AGOSTINHO,2,0,2
AGOSTINO,6,0,8
AGRON,18,0,27
AGUNG,2,0,2
AGUS,9,1,12
AGUSTINA,0,3,13
AGUSTINUS,2,0,3
AGUSTÍN,30,0,49
AGYEI,3,0,4
AGYEMANG,2,0,2
AH,5,6,16
AHAD,2,0,6
AHAMED,5,0,6
AHARON,10,0,18
AHKEEM,3,0,3
AHLAM,0,2,3
AHLEM,0,3,4
AHMAAD,2,0,2
AHMAD,89,1,143
AHMADOU,3,0,3
AHMADU,2,0,2
AHMAR,2,0,4
AHMED,198,0,352
AHMER,2,0,2
AHMET,47,0,65
AHN,0,2,3
AHNA,0,2,4
AHRAM,0,3,3
AHREUM,0,2,3
AHRON,5,0,6
AHSAN,17,0,32
AHSEN,1,1,2
AHUVA,0,12,22
AHYOUNG,0,4,7
AI,2,22,42
AICH,1,1,2
AICHA,0,7,11
AIDA,0,131,213
AIDAN,44,3,94
AIDE,0,4,4
AIDEE,0,2,3
AIDEN,18,2,31
AIESHA,0,13,21
AIFUWA,2,0,2
AIKO,1,8,19
AILED,0,2,2
AILEEN,0,91,191
AILENE,0,2,5
AILI,0,2,6
AILIE,0,2,3
AILSA,0,4,7
AILYN,0,5,6
AIM,3,1,5
AIMA,0,2,3
AIMAN,3,0,4
AIME,0,2,3
AIMEE,1,118,322
AIN,1,1,6
AINA,0,5,8
AINE,0,4,7
AINSLEY,8,5,22
AINSWORTH,6,0,7
AINURA,0,2,2
AIR,2,0,8
AIRAM,2,2,4
AIREEN,0,2,3
AISH,2,1,6
AISHA,0,164,301
AISHAH,0,7,11
AISHIA,0,2,3
AISLING,0,8,24
AISLINN,0,6,15
AISLYN,0,2,2
AISSA,2,2,4
AISSATA,0,2,3
AISSATOU,0,2,6
AITANA,0,2,3
AITOR,3,0,5
AIXA,0,12,22
AIYANA,0,2,6
AIYSHA,0,6,6
AIZA,0,3,6
AIZHAN,0,3,4
AJ,127,10,268
AJA,0,36,76
AJAI,2,0,3
AJALA,1,1,2
AJAMU,6,0,10
AJANI,7,0,17
AJANTHA,1,1,2
AJAX,4,0,4
AJAY,59,0,103
AJDIN,3,0,4
AJENE,3,1,5
AJI,1,1,2
AJIRI,0,2,2
AJIT,11,0,24
AJITH,9,0,9
AJIWOKEWU,1,1,2
AJMAL,3,0,6
AJOY,3,0,4
AJU,2,0,2
AK,8,1,13
AKAI,1,1,3
AKANE,0,9,15
AKANKSHA,0,4,5
AKARI,0,3,7
AKASH,26,0,46
AKASHA,0,2,4
AKBAR,11,0,19
AKEDA,0,2,2
AKEELAH,0,2,2
AKEEM,64,1,100
AKEEN,3,0,3
AKEILA,0,2,2
AKEIM,2,0,2
AKEISHA,0,2,7
AKELA,0,3,6
AKELIA,0,2,2
AKEMI,0,7,14
AKENO,1,1,2
AKEYA,0,2,3
AKHI,1,1,3
AKHIL,9,0,22
AKHTAR,2,0,3
AKI,5,18,50
AKIA,0,6,9
AKIB,2,0,2
AKIBA,1,1,4
AKIDA,1,1,3
AKIF,2,0,6
AKIHIRO,8,0,9
AKIKO,0,35,70
AKIL,33,1,48
AKILA,0,5,6
AKILAH,0,21,39
AKILI,3,0,4
AKIM,10,0,16
AKIN,21,0,33
AKINA,0,3,5
AKINDELE,2,0,2
AKINOBU,3,0,3
AKINOLA,3,0,3
AKINYELE,2,0,4
AKIO,1,1,6
AKIRA,18,8,39
AKIS,6,0,8
AKISHA,0,4,4
AKITA,1,2,5
AKITO,2,0,2
AKIVA,16,1,30
AKKO,0,2,2
AKM,5,0,5
AKON,2,0,2
AKOSUA,0,7,18
AKRAM,6,0,16
AKSANA,0,2,4
AKSHAT,4,0,9
AKSHAY,21,0,40
AKSOY,2,0,2
AKTAR,1,1,3
AKUA,0,15,29
AKUMA,2,0,2
AKWASI,9,0,13
AL,356,9,578
AL-,2,0,2
ALA,1,1,6
ALAA,5,3,16
ALABA,1,1,2
ALADDIN,2,0,3
ALADINO,2,0,2
ALAFIA,0,2,2
ALAIN,68,2,113
ALAINA,0,27,62
ALAINE,0,5,8
ALAMGIR,4,0,6
ALAMIN,2,0,4
ALAN,759,0,1331
ALANA,0,132,323
ALAND,2,0,3
ALANDA,0,2,2
ALANE,1,8,10
ALANI,1,1,4
ALANNA,0,55,120
ALANNAH,0,5,6
ALANZO,4,0,5
ALARA,0,2,5
ALARIC,7,0,9
ALASDAIR,2,0,3
ALASHA,0,2,2
ALASIA,0,2,3
ALASKAN,0,2,2
ALASSANE,4,0,4
ALASTAIR,5,0,15
ALATHEA,0,3,3
ALAYNA,0,4,10
ALAYNE,0,2,6
ALB,1,1,2
ALBA,0,54,105
ALBAN,9,0,21
ALBANA,0,8,14
ALBANE,0,3,4
ALBANIA,1,6,15
ALBANO,2,0,3
ALBEE,2,6,10
ALBEIRO,3,0,4
ALBEN,2,0,3
ALBENA,0,2,3
ALBERT,429,2,765
ALBERTA,0,14,27
ALBERTE,0,2,2
ALBERTHA,0,3,5
ALBERTINA,0,4,6
ALBERTO,285,1,417
ALBI,6,0,7
ALBIE,2,0,5
ALBIN,5,1,8
ALBINA,0,14,21
ALBINO,4,0,5
ALBION,6,0,7
ALBITA,0,2,2
ALBO,1,1,3
ALBUS,2,0,4
ALBY,2,0,6
ALCI,2,0,3
ALCIAN,1,1,2
ALCIBIADES,2,0,2
ALCIDES,7,0,11
ALDA,0,4,7
ALDANA,1,2,4
ALDEN,18,0,31
ALDER,1,1,3
ALDI,4,0,5
ALDIN,3,0,6
ALDITH,0,2,2
ALDO,62,0,90
ALDON,3,0,4
ALDONA,0,3,7
ALDOUS,2,0,3
ALDRIC,2,0,2
ALDRIN,7,0,15
ALDWIN,3,0,5
ALE,11,11,40
ALEA,0,6,12
ALEAH,0,4,7
ALEANE,0,2,2
ALEASE,0,2,2
ALEC,88,1,173
ALECIA,0,30,63
ALEEM,5,0,10
ALEEN,0,5,7
ALEENA,0,3,9
ALEESHA,0,2,9
ALEGRIA,0,2,3
ALEICIA,0,3,3
ALEIDA,0,6,11
ALEIKA,0,2,2
ALEISHA,0,3,7
ALEISTER,2,0,2
ALEJANDRA,0,104,194
ALEJANDRINA,0,4,5
ALEJANDRO,208,0,371
ALEJITA,0,2,2
ALEJO,3,0,8
ALEK,7,0,21
ALEKA,0,3,6
ALEKS,17,3,37
ALEKSANDAR,21,0,43
ALEKSANDER,15,0,19
ALEKSANDR,35,0,58
ALEKSANDRA,0,52,125
ALEKSEI,3,0,4
ALEKSEY,24,0,46
ALELI,0,2,4
ALEN,27,0,43
ALENA,0,38,76
ALENE,0,4,5
ALESANDRA,0,2,6
ALESE,0,2,5
ALESHA,0,13,23
ALESHIA,0,5,8
ALESI,2,0,2
ALESIA,0,16,29
ALESSA,0,3,8
ALESSANDRA,0,63,150
ALESSANDRO,67,0,128
ALESSIA,0,11,35
ALESSIO,13,0,19
ALETA,0,6,12
ALETH,0,2,2
ALETHA,0,2,5
ALETHEA,0,9,18
ALETHIA,0,4,10
ALEV,0,3,7
ALEVTINA,0,2,5
ALEX,2203,205,4971
ALEXA,0,154,378
ALEXANDAR,3,0,4
ALEXANDER,702,2,1241
ALEXANDR,6,0,8
ALEXANDRA,1,606,1453
ALEXANDRE,56,1,112
ALEXANDREA,0,7,11
ALEXANDRIA,0,73,158
ALEXANDRINE,0,4,4
ALEXANDRO,3,0,5
ALEXANDROS,12,0,20
ALEXANDRU,15,0,22
ALEXCIA,0,3,4
ALEXEI,14,1,25
ALEXEY,23,0,30
ALEXI,10,3,32
ALEXIA,1,44,95
ALEXIE,5,1,10
ALEXIS,120,377,1092
ALEXSA,0,5,7
ALEXSANDRA,0,4,8
ALEXUS,1,6,13
ALEXY,4,0,4
ALEXYS,0,2,3
ALEXYZ,2,0,2
ALEXZA,0,2,3
ALEXZANDRA,0,2,2
ALEYA,0,3,4
ALEYDA,0,3,5
ALF,4,0,6
ALFA,3,2,6
ALFAZ,2,0,2
ALFI,3,1,4
ALFIA,0,2,3
ALFIE,12,1,18
ALFINA,0,2,2
ALFIO,5,0,5
ALFONSE,2,0,6
ALFONSINA,0,5,7
ALFONSO,91,1,144
ALFONZO,5,0,12
ALFRED,154,1,250
ALFREDA,0,4,7
ALFREDO,150,0,223
ALGENIS,2,0,3
ALGER,2,0,4
ALGERNON,5,1,9
ALGIS,2,0,2
ALHAJI,3,0,3
ALHAN,2,0,2
ALHASSAN,2,0,2
ALI,308,151,1056
ALIA,0,29,59
ALIAH,0,4,8
ALICA,0,4,5
ALICAN,4,0,8
ALICE,0,405,832
ALICEA,0,2,2
ALICEN,0,4,8
ALICIA,0,594,1170
ALICJA,0,12,23
ALICYN,0,4,4
ALIDA,0,21,38
ALIE,0,4,9
ALIEU,4,0,5
ALIF,2,0,2
ALII,0,2,3
ALIJAH,2,0,3
ALIK,2,0,3
ALIKA,1,3,6
ALIKI,0,2,7
ALIKO,3,0,3
ALIM,3,0,7
ALIN,6,4,12
ALINA,0,95,236
ALINE,0,29,49
ALIONA,0,4,5
ALIOUNE,6,0,10
ALIREZA,5,0,15
ALIS,0,2,7
ALISA,0,106,262
ALISABETH,0,2,2
ALISE,0,16,21
ALISEN,0,2,2
ALISHA,0,109,195
ALISHER,2,0,5
ALISHIA,0,3,5
ALISIA,0,7,9
ALISON,2,430,1093
ALISSA,0,77,223
ALISSON,2,5,11
ALISTAIR,10,0,18
ALISTER,5,0,6
ALITA,0,5,12
ALIVIA,0,3,5
ALIX,22,37,109
ALIXANDRA,0,3,7
ALIYA,0,19,47
ALIYAH,0,15,26
ALIZA,0,47,123
ALIZAH,0,3,5
ALIZE,0,5,8
ALKA,1,8,20
ALKETA,0,2,5
ALL,7,6,24
ALLA,1,65,141
ALLADIN,2,0,2
ALLAH,2,0,3
ALLAIN,2,0,3
ALLAN,213,0,339
ALLANA,0,7,17
ALLANAH,0,2,3
ALLE,1,2,5
ALLEGRA,0,24,65
ALLEGRIA,0,2,2
ALLEL,2,0,3
ALLEN,303,4,537
ALLENE,0,2,4
ALLEY,0,8,12
ALLEYNE,1,2,5
ALLI,3,24,86
ALLIAH,0,2,5
ALLIE,4,90,274
ALLIS,0,2,4
ALLISEN,0,4,4
ALLISON,1,622,1627
ALLISTAIR,3,0,3
ALLISTER,9,0,15
ALLIYAH,0,2,5
ALLON,7,0,12
ALLONS,2,0,2
ALLY,6,69,169
ALLYN,6,5,17
ALLYSA,0,2,4
ALLYSHA,0,2,3
ALLYSON,1,83,192
ALLYSSA,0,5,9
ALMA,0,84,152
ALMAMY,3,0,4
ALMARIE,0,2,2
ALMAZ,1,1,3
ALMEDINA,0,3,3
ALMIR,4,0,7
ALMIRA,0,6,13
ALMOG,2,1,7
ALMOND,1,1,2
ALMOST,1,1,2
ALMUDENA,0,2,2
ALO,2,0,2
ALOK,13,0,24
ALON,40,0,82
ALONA,0,16,27
ALONDRA,0,12,20
ALONSO,10,0,19
ALONZA,4,0,4
ALONZO,27,0,43
ALOYSIUS,3,0,5
ALP,9,0,12
ALPA,1,3,13
ALPANA,0,4,7
ALPER,13,0,35
ALPEREN,2,0,2
ALPESH,6,0,7
ALPHA,7,4,22
ALPHAA,2,0,3
ALPHONSE,14,0,19
ALPHONSO,16,0,28
ALPHONZO,2,0,2
ALRICK,3,0,5
ALSTON,5,1,11
ALTA,0,4,9
ALTAF,9,0,12
ALTAGRACE,0,2,3
ALTAGRACIA,0,18,24
ALTAN,3,0,4
ALTER,2,0,2
ALTHEA,0,64,108
ALTHIA,0,4,6
ALTIA,0,2,2
ALTIN,6,0,8
ALTON,25,0,41
ALTOVISE,0,2,3
ALUKO,2,0,4
ALUN,2,0,4
ALVA,2,4,11
ALVARADO,2,1,3
ALVAREZ,2,1,6
ALVARO,78,0,134
ALVI,2,0,3
ALVIDA,0,3,3
ALVIN,186,0,293
ALVINA,0,6,14
ALVINO,3,0,3
ALVIS,3,0,5
ALVISE,2,0,3
ALVONYA,0,2,2
ALWIN,3,0,7
ALWYN,7,1,11
ALX,2,0,4
ALY,13,19,79
ALYCE,0,18,25
ALYCIA,0,8,25
ALYN,1,2,6
ALYNNE,0,2,2
ALYONA,0,10,15
ALYSA,0,9,22
ALYSE,0,23,53
ALYSHA,0,17,34
ALYSIA,0,7,22
ALYSON,0,64,186
ALYSSA,0,311,808
ALYSSE,0,2,3
ALYSSIA,0,5,8
ALYX,1,2,7
ALYXANDRIA,0,2,2
AMA,3,12,29
AMAAL,0,2,2
AMAALA,0,2,2
AMAD,3,0,3
AMADA,0,7,11
AMADEO,2,0,3
AMADEUS,4,0,4
AMADI,2,2,7
AMADO,12,0,16
AMADOR,4,0,7
AMADOU,13,1,18
AMADU,4,0,6
AMAIR,2,0,2
AMAKA,0,4,10
AMAL,6,13,37
AMALA,1,3,8
AMALFI,0,4,8
AMALIA,0,33,71
AMALIE,0,3,10
AMAN,27,4,63
AMANDA,4,1461,3513
AMANDEEP,12,5,29
AMANDINE,0,8,15
AMANI,1,8,21
AMANO,1,1,2
AMANY,0,3,4
AMAR,47,5,78
AMARA,3,8,19
AMARACHI,0,4,5
AMARDEEP,3,1,8
AMARI,5,3,12
AMARIE,0,2,3
AMARILDO,2,0,4
AMARILIS,0,14,22
AMARILYS,0,3,6
AMARIS,0,8,21
AMARJIT,4,0,7
AMAURI,6,0,9
AMAURIS,4,0,8
AMAURY,31,1,51
AMAURYS,5,0,6
AMAYA,0,2,8
AMAZIN,2,0,3
AMBA,1,1,2
AMBAR,0,12,25
AMBER,1,268,584
AMBERLY,0,3,5
AMBERLYNN,0,3,4
AMBI,2,0,3
AMBIKA,0,11,25
AMBRA,0,2,4
AMBRE,0,2,5
AMBREEN,0,2,9
AMBROSE,12,0,19
AMBROSIA,0,2,2
AMDY,2,0,2
AME,0,3,6
AMECHI,3,0,3
AMEDEO,6,0,11
AMEEN,3,0,5
AMEENA,0,4,6
AMEENAH,0,2,2
AMEER,16,0,27
AMEERA,0,5,8
AMEERAH,0,2,2
AMEET,7,0,11
AMEETA,0,2,3
AMEIKA,0,2,2
AMEL,2,3,11
AMELA,0,4,9
AMELIA,1,132,282
AMELIE,0,17,33
AMEN,4,1,5
AMENA,0,6,10
AMER,9,0,20
AMERA,0,2,2
AMERICA,0,5,17
AMERICO,10,0,13
AMERIE,0,3,5
AMES,2,2,8
AMESHA,0,4,4
AMETHYST,0,2,7
AMEY,0,4,5
AMEYA,5,0,9
AMGAD,3,0,7
AMI,13,47,114
AMIA,0,3,4
AMICA,0,2,2
AMICHAI,2,0,3
AMIE,0,37,78
AMIEE,0,4,7
AMIEL,2,1,8
AMIKA,0,3,4
AMIL,3,0,7
AMILA,3,2,8
AMILCAR,8,0,13
AMIN,26,0,47
AMINA,0,49,100
AMINAH,0,4,10
AMINATA,0,9,18
AMINE,22,0,35
AMINTA,0,2,4
AMINU,4,0,5
AMIR,126,1,215
AMIRA,0,23,44
AMIRAH,0,6,15
AMIRAN,1,1,2
AMIRH,0,2,2
AMIRI,2,0,2
AMISH,12,0,19
AMISHA,0,6,12
AMIT,160,2,292
AMITA,0,9,16
AMITAI,5,0,6
AMITAVA,2,0,2
AMITY,0,2,8
AMIYA,2,0,3
AMJAD,11,0,13
AMMA,0,7,12
AMMAR,17,0,29
AMMO,2,1,3
AMMON,3,0,7
AMMY,0,5,6
AMNA,0,12,17
AMNON,6,0,8
AMO,3,1,4
AMOGH,2,0,2
AMOL,10,0,17
AMON,3,0,5
AMOR,4,3,11
AMORE,1,2,4
AMORY,2,1,8
AMOS,24,1,43
AMOY,0,9,15
AMP,1,1,3
AMPARO,0,11,19
AMPY,1,1,2
AMR,29,0,42
AMRA,0,2,8
AMRAM,3,0,5
AMRAN,3,0,4
AMREEN,0,2,6
AMRIK,3,0,4
AMRINDER,2,0,4
AMRISH,2,0,4
AMRIT,12,3,23
AMRITA,0,19,46
AMRO,2,0,5
AMRUTA,0,3,5
AMUN,2,0,2
AMY,2,1429,3581
AMYN,2,0,5
AMZAD,2,0,3
AN,5,6,25
ANA,2,788,1474
ANABEL,0,32,58
ANABELA,0,2,5
ANABELL,0,4,8
ANABELLA,0,6,8
ANABELLE,0,6,13
ANAEL,1,1,4
ANAGHA,0,2,3
ANAHI,0,4,6
ANAHIS,0,2,2
ANAIDA,0,3,4
ANAIKA,0,2,3
ANAIS,0,28,49
ANAISA,0,2,3
ANAISE,0,3,5
ANAKAY,0,2,2
ANALEE,0,2,3
ANALI,0,4,7
ANALIA,0,9,13
ANALIE,0,2,3
ANALISA,0,5,12
ANALIZ,0,2,2
ANALIZA,0,3,4
ANALYDIA,0,3,3
ANAM,1,10,20
ANAMARI,0,2,4
ANAMARIA,0,10,24
ANAMARIE,0,2,6
ANAMIKA,0,7,9
ANAMUL,2,0,2
ANAN,1,1,5
ANAND,48,1,92
ANANDA,5,11,26
ANANDI,0,2,2
ANANSA,0,2,2
ANANT,10,0,14
ANAR,3,5,13
ANAS,13,1,22
ANASA,0,2,2
ANASS,3,0,4
ANASTACIA,0,5,10
ANASTASHIA,0,3,3
ANASTASIA,0,148,322
ANASTASIO,3,0,3
ANASTASIOS,7,0,15
ANASTASIYA,0,22,47
ANASTASSIA,0,6,10
ANASTASYA,0,2,4
ANASTATIA,0,2,2
ANASTAZIA,0,2,2
ANAT,1,18,44
ANATALIA,0,2,2
ANATILIA,0,2,2
ANATOLE,3,0,4
ANATOLII,3,0,3
ANATOLIY,10,0,21
ANATOLY,8,0,22
ANAYA,0,6,8
ANAYANSI,0,2,4
ANAYKA,0,2,3
ANAYZA,0,2,2
ANCA,0,9,25
ANCEL,1,1,3
ANCHAL,0,2,6
ANCHALEE,0,3,4
ANCIL,3,0,3
ANCY,1,3,6
ANDA,0,9,14
ANDDY,2,0,2
ANDE,4,2,9
ANDEE,1,4,10
ANDEL,4,0,6
ANDELL,4,0,6
ANDER,1,1,5
ANDERS,20,0,39
ANDERSON,55,3,100
ANDERSSON,2,0,2
ANDHIKA,2,0,2
ANDI,15,31,107
ANDIE,3,18,43
ANDIKA,2,0,2
ANDILE,1,1,4
ANDINO,2,0,2
ANDONI,3,0,5
ANDORA,0,2,3
ANDRA,1,9,25
ANDRAE,14,0,19
ANDRAS,4,0,11
ANDRAY,3,0,3
ANDRAYA,0,2,2
ANDRE,598,5,989
ANDREA,95,1197,2721
ANDREANA,0,2,7
ANDREAS,86,0,158
ANDREE,1,7,19
ANDREEA,0,13,27
ANDREI,48,1,87
ANDREIA,0,3,6
ANDREINA,0,10,18
ANDREIS,2,0,2
ANDREJ,5,0,11
ANDRENE,0,7,7
ANDRESSA,0,4,5
ANDREW,2778,5,5483
ANDREWS,5,1,11
ANDREY,49,1,95
ANDREZA,0,2,2
ANDRI,5,1,10
ANDRIA,0,15,34
ANDRIAN,2,0,2
ANDRIANA,0,6,18
ANDRIES,1,1,3
ANDRIJ,3,0,3
ANDRIJA,3,0,4
ANDRINA,0,2,2
ANDRINE,0,2,3
ANDRIS,2,1,8
ANDRIUS,3,0,5
ANDRIY,8,0,12
ANDROMEDA,1,1,4
ANDROS,2,0,2
ANDRU,5,0,7
ANDRY,6,2,16
ANDRZEJ,13,0,16
ANDRÉS,291,0,559
ANDUIN,1,1,2
ANDWELE,2,0,2
ANDY,828,27,1627
ANECIA,0,2,4
ANEELA,0,4,10
ANEES,2,0,5
ANEESA,0,4,13
ANEESAH,0,2,4
ANEESHA,0,4,9
ANEIKA,0,2,2
ANEISA,0,3,3
ANEISHA,0,2,4
ANEKA,0,2,3
ANEL,3,6,14
ANELISE,0,3,3
ANESHA,0,6,7
ANESSA,0,4,9
ANESTA,0,2,2
ANETA,0,16,35
ANETTA,0,2,7
ANETTE,0,12,21
ANEUDI,4,0,5
ANEUDY,4,0,7
ANEURIS,2,0,3
ANEURY,3,0,3
ANFISA,0,2,3
ANG,3,4,19
ANGAD,3,0,9
ANGALIC,0,2,2
ANGE,3,5,15
ANGEE,0,2,8
ANGEL,631,150,1178
ANGELA,4,1294,2557
ANGELENA,0,3,3
ANGELENE,0,5,7
ANGELES,1,4,13
ANGELI,1,4,14
ANGELIA,0,7,17
ANGELIC,0,8,15
ANGELICA,0,227,406
ANGELIE,0,4,6
ANGELIK,0,2,2
ANGELIKA,1,27,52
ANGELIKI,0,7,15
ANGELINA,0,137,246
ANGELINE,0,32,51
ANGELINO,2,0,3
ANGELIQUE,0,81,147
ANGELISA,0,2,2
ANGELITA,0,11,18
ANGELITO,4,0,6
ANGELLA,0,18,30
ANGELLO,4,0,4
ANGELLY,0,2,3
ANGELO,293,1,507
ANGELOS,2,0,6
ANGELS,1,1,3
ANGELY,0,3,8
ANGELYN,0,2,6
ANGELYS,0,3,4
ANGERY,4,0,4
ANGI,0,2,9
ANGIE,1,301,620
ANGJELINA,0,2,2
ANGLE,0,2,2
ANGUS,16,0,37
ANGY,0,2,9
ANH,3,5,26
ANI,5,18,46
ANIA,0,24,58
ANIBAL,29,0,41
ANICA,0,3,6
ANICE,0,3,5
ANIE,0,3,8
ANIEKA,0,3,4
ANIEL,2,0,5
ANIELLO,4,0,10
ANIK,1,1,11
ANIKA,1,47,89
ANIKET,5,0,8
ANIKO,0,3,7
ANIL,72,0,134
ANILA,0,15,31
ANIMESH,2,0,3
ANIQA,0,4,7
ANIQUE,0,2,3
ANIRBAN,3,0,3
ANIRUDDHA,7,0,8
ANIRUDH,5,0,5
ANIRUDHA,2,0,3
ANIS,9,1,15
ANISA,0,18,37
ANISAH,0,6,12
ANISE,0,2,3
ANISH,7,0,26
ANISHA,0,19,41
ANISHKA,0,2,2
ANISIA,0,3,4
ANISSA,0,23,47
ANITA,0,329,612
ANITHA,0,6,8
ANITRA,0,8,15
ANIYAH,1,2,3
ANJ,0,2,4
ANJA,0,24,57
ANJAIL,0,2,2
ANJALI,0,31,74
ANJAN,2,0,4
ANJANA,0,6,13
ANJANETTE,0,5,7
ANJANI,1,1,2
ANJANIE,0,5,8
ANJEL,1,3,7
ANJELA,0,2,3
ANJELICA,0,6,12
ANJELIKA,0,2,4
ANJELINA,0,2,2
ANJELIQUE,0,4,4
ANJI,1,1,6
ANJIE,0,2,3
ANJOLI,0,2,3
ANJU,3,8,27
ANJULI,0,6,9
ANJULIE,0,3,3
ANJUM,5,2,12
ANKE,0,3,7
ANKI,0,2,3
ANKIT,24,0,44
ANKITA,0,9,17
ANKUR,35,0,63
ANKUSH,7,0,15
ANMOL,1,1,9
ANN,1,661,1150
ANNA,1,1360,2985
ANNABEL,0,12,39
ANNABELLA,0,5,11
ANNABELLE,0,32,61
ANNAH,0,2,2
ANNA-KAY,0,4,4
ANNA-KAYE,0,2,2
ANNALEE,0,2,4
ANNA-LENA,0,3,5
ANNALIESE,0,2,5
ANNALISA,0,21,46
ANNA-LISA,0,2,7
ANNALISE,0,2,11
ANNALY,0,2,2
ANNAMAE,0,2,3
ANNAMARIA,0,29,53
ANNA-MARIA,0,2,6
ANNAMARIE,0,31,45
ANNA-MARIE,0,4,6
ANNAROSE,0,2,5
ANNASTASIA,0,4,4
ANNAZETTE,0,2,2
ANNDREW,2,0,2
ANNE,3,733,1453
ANNECIA,0,2,2
ANNEKA,0,2,10
ANNEKE,0,3,10
ANNEL,1,4,8
ANNE-LAURE,0,4,15
ANNELI,0,5,6
ANNELIES,0,2,6
ANNELIESE,0,3,14
ANNELISE,0,5,15
ANNELLE,0,2,5
ANNELYN,0,2,2
ANNEMARIE,0,57,115
ANNE-MARIE,0,17,52
ANNE-MICHELLE,0,2,2
ANNEMIEKE,0,2,3
ANNERIS,0,4,7
ANNE-ROSE,0,2,2
ANNE-SOPHIE,0,4,9
ANNET,0,6,10
ANNETTA,0,3,6
ANNETTE,0,372,618
ANNI,0,10,24
ANNIA,0,6,7
ANNICA,0,3,6
ANNICK,0,7,14
ANNIE,0,462,1056
ANNIKA,0,19,47
ANNIS,0,4,5
ANNISHA,0,3,3
ANNISIA,0,2,2
ANN-MARGARET,0,2,4
ANNMARIE,2,146,260
ANN-MARIE,0,32,51
ANNU,0,3,7
ANNY,0,37,79
ANOOP,13,0,16
ANOOSH,2,0,2
ANOUCHKA,0,2,3
ANOUCK,0,2,4
ANOUSH,0,2,4
ANOUSHKA,0,3,6
ANOWAR,3,0,3
ANRI,2,0,4
ANSA,0,2,3
ANSAR,2,0,4
ANSARA,0,2,3
ANSEL,6,0,13
ANSELM,6,0,7
ANSELMA,0,2,2
ANSELMO,6,0,7
ANSHU,1,4,8
ANSHUL,8,1,12
ANSHUMAN,4,0,7
ANSIL,1,1,2
ANSLEM,2,0,4
ANSLEY,0,4,7
ANSON,15,0,27
ANT,16,0,38
ANTAR,3,0,3
ANTARES,1,1,2
ANTASHA,0,2,3
ANTAYA,0,2,2
ANTE,7,0,15
ANTEO,2,0,2
ANTERO,2,0,2
ANTHE,0,2,3
ANTHEA,0,15,27
ANTHI,0,2,5
ANTHON,4,0,5
ANTHONEY,3,0,4
ANTHONI,2,0,3
ANTHONIA,0,2,5
ANTHONY,3576,4,6071
ANTIA,0,4,4
ANTIMO,2,0,2
ANTIONE,3,0,6
ANTIONETTE,0,10,12
ANTJE,0,5,7
ANTO,2,0,3
ANTOIN,2,0,4
ANTOINE,124,0,212
ANTOINETTE,0,197,358
ANTON,131,1,215
ANTONE,2,0,5
ANTONEIL,2,0,2
ANTONELLA,0,53,106
ANTONELLO,2,0,3
ANTONETA,0,3,5
ANTONETTE,0,20,25
ANTONI,4,0,5
ANTONIA,0,94,175
ANTONIETA,0,4,5
ANTONIETTA,0,14,27
ANTONIN,3,0,4
ANTONINA,0,6,16
ANTONINO,16,0,22
ANTONIO,516,1,822
ANTONIOS,2,0,7
ANTONIS,8,0,10
ANTONY,38,0,63
ANTUAN,2,0,3
ANTUANETTE,0,2,3
ANTULIO,2,0,2
ANTWAIN,2,0,2
ANTWAN,23,0,29
ANTWANN,4,0,4
ANTWAUN,3,0,3
ANTWOINE,2,0,3
ANTWON,7,0,15
ANTZ,2,0,2
ANU,6,23,65
ANUAR,4,0,6
ANUBHAV,4,0,5
ANUJ,26,0,42
ANUJA,0,3,9
ANUKI,0,2,2
ANUM,0,3,7
ANUP,10,0,21
ANUPA,0,2,5
ANUPAM,5,0,13
ANUPAMA,1,6,14
ANURADHA,0,5,12
ANURAG,16,0,23
ANUSH,2,1,5
ANUSHA,0,8,11
ANUSHKA,1,6,10
ANUSHREE,0,3,5
ANVAR,2,1,4
ANWAR,21,0,37
ANXHELA,0,2,2
ANY,0,7,9
ANYA,0,59,142
ANYAH,0,2,2
ANYELI,0,2,2
ANYELINA,0,2,5
ANYELO,4,0,5
ANZHELA,0,4,4
ANZHELIKA,0,2,3
AO,1,1,4
AOI,0,2,3
AOIFE,0,10,21
AP,3,1,6
APARNA,0,9,28
APATHY,1,1,2
APHRODITE,0,2,4
APOLLO,3,0,3
APOLLON,2,0,2
APOLLONIA,0,3,6
APOLONIA,0,3,4
APOORVA,3,0,5
APOSTLE,3,0,5
APOSTOLOS,4,0,6
APPLE,4,16,31
APRIL,0,326,619
APRILIA,1,1,2
APRILL,0,3,3
APRILLE,0,2,5
APRYL,0,4,12
APURVA,7,1,11
AQ,2,0,2
AQEEL,9,0,12
AQEELA,0,2,3
AQIB,2,0,5
AQIL,2,0,3
AQILA,0,3,5
AQSA,0,3,7
AQUA,1,1,5
AQUANETTA,0,2,4
AQUEELAH,0,3,4
AQUILA,1,6,9
AQUILES,3,0,5
AQUILLA,1,1,3
AQUINO,2,0,2
AR,5,2,16
ARA,10,6,28
ARABELIS,0,3,3
ARABELLA,0,6,12
ARABIA,0,3,5
ARACELI,0,10,24
ARACELIS,0,20,38
ARACELLI,0,2,2
ARACELY,0,7,13
ARACELYS,0,5,6
ARADHANA,1,1,4
ARAFAT,5,0,6
ARAINA,0,2,2
ARAL,2,0,2
ARALIS,0,5,5
ARAM,13,2,27
ARAMIS,13,0,18
ARAN,4,0,5
ARANCHA,0,2,3
ARASELIS,0,2,2
BEBE,2,14,29
BEBI,0,2,3
BEBO,3,0,4
BECCA,0,87,231
BECCI,0,2,4
BECK,3,2,6
BECKA,0,7,15
BECKETT,2,0,4
BECKI,0,5,11
BECKIE,0,8,11
BECKLEY,1,1,2
BECKY,0,201,470
BEDFORD,3,1,4
BEE,8,17,56
BEEBE,0,2,2
BEENA,0,8,13
BEENISH,0,2,5
BEER,3,0,6
BEGUM,0,2,5
BEHNAM,3,0,4
BEHNAZ,0,2,2
BEHROOZ,2,0,3
BEHROUZ,3,0,3
BEHROZ,2,0,2
BEHZAD,2,0,6
BEI,1,5,9
BEIBEI,0,4,6
BEK,1,2,4
BEKA,2,4,9
BEKAH,0,4,13
BEKI,0,3,4
BEKIM,12,0,17
BEKIR,5,0,8
BEL,0,3,6
BELA,5,6,17
BELAL,3,0,6
BELEN,1,10,21
BELENDA,0,2,2
BELGICA,0,3,7
BELIA,0,2,3
BELINDA,0,123,227
BELISA,0,2,3
BELISSA,0,2,5
BELKIS,0,27,37
BELKY,0,3,4
BELKYS,0,6,9
BELL,3,6,19
BELLA,1,113,195
BELLADONNA,1,1,3
BELLE,0,21,41
BELLO,5,0,6
BELMA,0,4,7
BELOVED,0,3,3
BELTRAN,2,1,4
BELYNDA,0,2,2
BEN,979,2,2055
BENA,0,2,4
BENARD,2,0,3
BENBEN,2,0,3
BENDER,14,0,17
BENEDETTA,0,10,18
BENEDETTO,5,0,10
BENEDICT,15,0,25
BENEDICTA,0,5,7
BENEDICTE,0,4,7
BENEDIKT,3,0,4
BENEE,1,1,3
BENGIE,2,0,2
BENGT,2,0,2
BENI,6,0,11
BENIAM,2,0,2
BENIGNO,3,0,5
BENITA,0,24,43
BENITO,19,0,27
BENJ,6,0,15
BENJA,2,1,3
BENJAMIN,587,1,1129
BENJI,18,0,41
BENJIE,9,1,11
BENJY,8,0,18
BENN,5,0,7
BENNET,3,0,7
BENNETT,29,0,60
BENNI,3,0,7
BENNIE,7,2,17
BENNO,4,0,7
BENNY,155,3,273
BENO,2,0,2
BENOIT,14,0,25
BENONI,2,0,3
BENSON,21,0,39
BENT,1,1,4
BENTE,0,2,2
BENTHLY,1,1,2
BENTLEY,9,0,11
BENTON,5,0,12
BENTZI,2,0,5
BENTZY,2,0,3
BENY,3,2,8
BENZI,2,0,3
BENZION,3,0,5
BEOWULF,2,0,2
BEPPE,4,0,5
BER,3,0,6
BERAT,3,1,7
BERE,0,3,3
BEREL,2,0,7
BERENICE,0,13,23
BERHANE,2,0,3
BERIC,2,0,2
BERIL,0,3,4
BERIT,0,2,4
BERK,9,0,16
BERKCAN,2,0,2
BERKE,2,0,4
BERKELEY,2,0,6
BERKER,2,0,3
BERKIN,2,0,2
BERKOWITZ,1,1,3
BERLIN,0,2,3
BERLINDA,0,2,5
BERLINE,0,2,2
BERLY,0,2,2
BERLYN,1,1,3
BERN,1,1,6
BERNA,0,5,11
BERNABE,2,0,2
BERNADETTA,0,3,3
BERNADETTE,0,212,355
BERNADINE,0,14,19
BERNARD,186,0,313
BERNARDA,0,3,4
BERNARDINE,0,2,2
BERNARDO,45,0,76
BERND,7,0,10
BERNELL,2,0,2
BERNETTE,0,2,2
BERNHARD,6,0,11
BERNICE,0,71,134
BERNIE,55,10,101
BERNITA,0,2,2
BERNS,1,2,3
BERNY,5,0,8
BERRADA,1,1,2
BERRIN,0,5,7
BERRY,1,5,17
BERT,51,3,85
BERTA,1,15,26
BERTHA,0,26,40
BERTHE,0,5,5
BERTHONY,2,0,3
BERTI,0,2,3
BERTIE,2,1,5
BERTILIO,2,0,2
BERTIN,4,0,7
BERTINA,0,2,5
BERTINE,0,2,2
BERTO,8,0,15
BERTON,4,0,4
BERTRAM,11,0,16
BERTRAN,2,0,2
BERTRAND,12,1,19
BERTY,2,0,4
BERYL,1,16,25
BESA,0,2,10
BESHOY,2,0,3
BESIK,2,0,2
BESIM,7,0,12
BESNIK,9,0,17
BESS,0,12,37
BESSIE,0,13,29
BEST,4,4,11
BET,0,2,2
BETH,0,533,1224
BETHAN,1,1,2
BETHANIA,0,6,8
BETHANN,0,9,12
BETHANNE,0,7,10
BETHANY,0,79,187
BETHE,0,2,2
BETHEA,2,0,2
BETHEL,0,3,4
BETHINA,0,2,2
BETHSAIDA,0,3,4
BETHSY,0,2,3
BETHZAIDA,0,3,4
BETINA,0,8,12
BETO,11,0,13
BETSAIDA,0,4,4
BETSEY,0,12,25
BETSY,0,208,416
BETTE,1,24,32
BETTER,2,0,3
BETTI,0,6,9
BETTIE,0,7,12
BETTINA,0,39,74
BETTINNA,0,2,2
BETTSY,0,3,4
BETTY,0,284,482
BETTYANN,0,7,11
BETTY-ANN,0,2,2
BETTYANNE,0,3,3
BETZAIDA,0,9,13
BETZY,1,4,5
BETÜL,0,2,3
BEULAH,0,4,6
BEV,0,10,23
BEVAN,4,0,7
BEVERLEY,0,27,41
BEVERLY,0,249,354
BEVERLYN,0,3,3
BEVIN,2,2,12
BEVON,4,0,8
BEX,0,3,9
BEY,1,1,2
BEYONCE,0,5,7
BEYOND,3,0,7
BEZALEL,2,0,4
BHADRA,0,2,2
BHAKTA,2,0,3
BHARAT,17,0,28
BHARATH,5,0,8
BHARGAV,2,0,5
BHARTI,0,3,3
BHASH,3,0,4
BHASKAR,3,0,5
BHAVANA,0,2,4
BHAVANI,0,4,4
BHAVESH,5,0,11
BHAVIK,2,0,5
BHAVIN,11,0,17
BHAVNA,0,4,15
BHAWNA,0,2,6
BHOJ,2,0,2
BHUMI,0,2,3
BHUMIKA,0,2,4
BHUSHAN,2,0,2
BI,2,0,3
BIA,0,4,6
BIAGIO,8,0,12
BIANA,0,14,27
BIANCA,1,249,533
BIANCHI,0,2,2
BIANKA,0,10,15
BIANNY,1,2,4
BIBAI,1,1,2
BIBBIN,2,0,2
BIBI,2,39,86
BIBIANA,0,8,15
BIBIANE,0,2,3
BIBO,1,1,4
BIBY,0,2,2
BIDISHA,0,2,2
BIE,2,0,2
BIEN,1,3,5
BIENVENIDA,0,3,3
BIENVENIDO,6,0,9
BIFF,2,0,5
BIG,4,0,7
BIGAPPLE,1,1,3
BIGBAD,1,1,2
BIGD,2,0,2
BIGG,10,0,16
BIGGIE,8,0,10
BIGGS,4,0,5
BIGGY,2,0,4
BIGMIKE,3,0,3
BIJAL,1,3,10
BIJAN,4,0,9
BIJESH,2,0,2
BIJLI,0,2,2
BIJOU,0,4,7
BIJOY,2,0,3
BIJU,6,0,12
BIKE,2,1,5
BIKRAM,4,2,11
BIL,3,1,7
BILAL,41,0,66
BILBO,2,0,3
BILGE,1,1,5
BILGIN,2,0,4
BILJANA,0,5,10
BILKIS,0,2,3
BILL,958,1,1635
BILLIE,3,22,51
BILLUR,0,3,4
BILQIS,0,2,2
BIM,4,0,7
BIMAL,3,1,6
BIN,16,1,34
BINA,0,16,33
BINAYAK,2,0,2
BINBIN,0,2,2
BINDER,2,0,2
BINDI,0,2,5
BINDIA,0,2,3
BINDU,0,7,12
BING,21,8,45
BINH,4,1,11
BINIAM,2,0,2
BINISH,1,1,2
BINIT,2,0,2
BINO,3,0,6
BINOD,6,0,6
BINOY,4,0,8
BINTA,1,3,9
BINTOU,0,2,6
BINU,7,3,13
BINYAMIN,4,0,13
BINYOMIN,6,0,7
BIONCA,0,2,3
BIPASHA,0,2,2
BIPIN,4,0,5
BIRCAN,0,2,2
BIRD,3,1,6
BIRDIE,1,3,4
BIRDY,1,2,4
BIREN,3,0,7
BIRGIT,0,12,19
BIRGITTA,0,2,5
BIRMA,0,2,2
BIROL,5,0,6
BIRON,2,0,2
BIRSEN,0,2,3
BISER,2,0,2
BISERA,0,2,2
BISHNU,4,0,7
BISHOP,14,0,21
BISHOY,3,0,10
CHAVIVA,0,3,4
CHAVON,0,2,2
CHAVONNE,0,2,4
CHAVY,0,3,4
CHAWANA,0,2,2
CHAWN,1,1,2
CHAY,0,5,11
CHAYA,0,40,95
CHAYALA,0,4,7
CHAYANNE,4,1,9
CHAYE,0,2,3
CHAYIM,2,0,4
CHAZ,37,0,59
CHAZZ,5,0,9
CHE,18,9,49
CHEALSEA,0,2,3
CHECHE,1,1,2
CHECK,2,0,3
CHEE,3,3,14
CHEECH,3,0,5
CHEF,18,10,40
CHEICK,4,0,6
CHEIK,2,0,2
CHEIKH,4,0,7
CHEILA,0,2,4
CHEKESHA,0,2,2
CHEL,0,3,5
CHELA,0,2,6
CHELE,0,2,5
CHELLE,0,8,14
CHELLIE,0,2,3
CHELLY,0,5,8
CHELO,2,0,5
CHELSEA,1,168,492
CHELSEY,0,25,46
CHELSIE,0,7,14
CHELY,0,5,7
CHEMA,1,1,2
CHEMISE,0,2,2
CHEN,37,26,107
CHENA,0,2,3
CHENEA,0,2,3
CHENEL,0,2,2
CHENELL,0,4,4
CHENELLE,0,5,11
CHENEQUA,0,2,4
CHENG,18,5,37
CHENGHWA,1,1,2
CHENGLONG,2,0,2
CHENGQI,1,1,2
CHENGWEI,2,0,2
CHENGZHI,2,0,2
CHENNELLE,1,1,2
CHENOA,0,2,5
CHENTA,1,1,2
CHENYANG,2,0,2
CHEOL,2,0,3
CHEPE,2,0,3
CHER,0,16,25
CHERE,0,2,3
CHEREE,0,2,2
CHEREESE,0,2,4
CHERELLE,0,9,14
CHERESE,0,2,9
CHERESSE,0,3,3
CHERI,0,34,79
CHERICE,0,4,8
CHERIE,0,48,92
CHERIESE,0,2,2
CHERIF,2,0,4
CHERILYN,0,5,12
CHERISA,0,2,4
CHERISE,0,39,67
CHERISH,0,8,17
CHERISSE,0,19,30
CHERITA,0,3,5
CHERLINE,0,3,3
CHERLYN,0,2,4
CHEROKEE,1,2,6
CHERON,1,3,5
CHERRELLE,0,3,4
CHERRI,0,3,6
CHERRIE,0,7,8
CHERRON,1,2,5
CHERRY,2,55,94
CHERRYANN,0,7,8
CHERRYL,0,6,10
CHERRYLYN,0,2,2
CHERUB,0,2,2
CHERYL,1,552,977
CHERYLANN,0,6,10
CHERYL-ANN,0,2,3
CHERYLE,0,2,8
CHERYLL,0,3,7
CHERYLLE,0,3,4
CHERYLYN,0,3,3
CHESKA,0,2,8
CHESKY,3,0,8
CHESLEY,3,0,7
CHESTER,37,2,60
CHESTERFIELD,2,0,3
CHET,25,1,44
CHETAN,14,0,28
CHETHAN,2,0,2
CHETNA,0,2,4
CHEUNG,3,3,11
CHEVAN,2,0,2
CHEVAUGHN,1,1,2
CHEVEL,0,2,2
CHEVELLE,0,4,7
CHEVON,3,3,17
CHEVONE,0,3,5
CHEVONNE,0,8,17
CHEVY,0,2,4
CHEW,2,1,4
CHEWY,2,1,10
CHEYANNE,0,2,5
CHEYENNE,4,21,63
CHEYNE,1,1,4
CHEZ,1,2,11
CHEZKY,4,0,5
CHHAVI,0,2,5
CHI,29,14,93
CHIA,0,5,11
CHIAKI,0,9,13
CHIARA,0,28,65
CHIARRA,0,4,4
CHIBUIKE,2,0,2
CHIBUZO,2,1,3
CHIC,2,0,3
CHICHI,2,8,16
CHI-CHI,2,5,9
CHICKIE,0,6,7
CHICKS,0,2,2
CHICKY,1,1,2
CHICO,13,0,21
CHIDI,3,1,5
CHIDINMA,0,4,4
CHIE,0,3,8
CHIEH,2,0,3
CHIEN,3,2,7
CHIFFON,0,2,3
CHIH,2,2,5
CHIHARU,0,2,3
CHIHIRO,0,5,8
CHIH-WEI,2,0,4
CHIINA,1,2,4
CHIKA,1,13,24
CHIKAKO,0,3,7
CHIKE,7,0,9
CHIKI,1,1,2
CHILD,2,0,2
CHILDREN,1,1,5
CHILI,2,1,4
CHILL,3,1,9
CHILLI,3,0,3
CHILLY,4,0,8
CHIMA,4,0,5
CHIME,0,4,5
CHIMERE,0,4,8
CHIN,10,4,24
CHINA,1,23,36
CHINATSU,0,4,5
CHINEDU,6,0,10
CHINEDUM,2,0,2
CHINELLE,0,3,5
CHINELO,2,1,5
CHINENYE,1,2,5
CHING,6,7,31
CHINITA,0,2,4
CHINMAY,2,0,3
CHINMOY,3,0,3
CHINO,17,2,31
CHINTAN,17,0,26
CHINYERE,1,6,12
CHIOMA,0,13,26
CHIP,55,1,104
CHIPPY,2,2,4
CHIPS,2,1,3
CHIPZ,2,0,3
CHIQUITA,0,3,6
CHIRAAG,2,0,2
CHIRAG,26,0,43
CHIRANTAN,2,0,3
CHIRAYU,2,0,3
CHIRO,2,0,3
CHIRS,2,0,3
CHIS,2,0,3
CHISATO,0,5,7
CHISTY,2,0,2
CHITRA,0,9,15
CHIU,3,2,9
CHIVAS,2,0,2
CHIVON,1,3,5
CHIVONNE,0,3,3
CHI-WAI,2,0,2
CHIYO,0,4,6
CHIYONO,0,2,2
CHIZOBA,0,2,4
CHLOE,0,124,290
CHO,8,5,18
CHOCO,1,2,6
CHOI,1,2,12
CHOICE,2,1,3
CHOLA,1,1,2
CHONG,5,0,16
CHONY,1,1,2
CHOO,2,0,2
CHOPPER,3,0,3
CHOU,0,2,2
CHOWDHURY,4,0,7
CHOYA,2,0,2
CHRIS,3688,122,7148
CHRISANDRA,0,2,2
CHRISANN,0,4,7
CHRIS-ANN,0,2,2
CHRISANTHI,0,2,2
CHRISELLE,0,3,4
CHRISITINE,0,3,3
CHRISOULA,0,2,5
CHRISSA,0,2,4
CHRISSI,0,4,8
CHRISSIE,0,9,32
CHRISSY,0,121,291
CHRIST,4,4,12
CHRISTA,0,55,119
CHRISTABEL,0,6,6
CHRISTAL,0,23,48
CHRISTAN,0,2,5
CHRISTEE,0,3,3
CHRISTEEN,0,5,8
CHRISTEL,1,15,28
CHRISTELLE,0,11,29
CHRISTEN,1,19,42
CHRISTENA,0,4,5
CHRISTER,3,0,4
CHRISTI,0,23,49
CHRISTIA,0,2,4
CHRISTIAAN,4,0,8
CHRISTIAN,905,12,1684
CHRISTIANA,0,17,47
CHRISTIANAH,0,2,2
CHRISTIANE,0,24,48
CHRISTIANNA,0,6,11
CHRISTIANNE,0,4,9
CHRISTIANO,3,0,6
CHRISTIE,0,114,265
CHRISTIEN,1,2,4
CHRISTIN,1,13,37
CHRISTINA,3,1447,3313
CHRISTINE,1,1669,3536
CHRISTO,7,0,13
CHRISTOF,2,0,4
CHRISTOFER,2,0,3
CHRISTOFFER,2,0,5
CHRISTON,4,0,6
CHRISTOPER,5,0,5
CHRISTOPH,28,0,41
CHRISTOPHE,35,1,74
CHRISTOPHER,2423,3,4332
CHRISTOPHOR,2,0,2
CHRISTOS,40,0,72
CHRISTY,2,139,344
CHRISTYL,0,2,3
CHRISTYLEZ,2,0,2
CHRISTYN,0,2,7
CHRIZ,2,0,5
CHRYS,1,3,12
CHRYSA,0,2,2
CHRYSOULA,0,2,2
CHRYSTAL,0,21,41
CHRYSTIE,0,6,10
CHRYSTINE,0,2,4
CHRYSTOPHER,2,0,2
CHRYSTYNA,0,2,3
CHU,6,4,14
CHUAN,2,0,4
CHUCHO,2,0,3
CHUCK,216,2,359
CHUCKIE,5,1,9
CHUCKY,6,1,11
CHUDE,0,2,2
CHUI,1,1,3
CHUK,2,1,6
CHUKIE,2,0,2
CHUKWUDI,2,0,6
CHUKWUMA,5,0,7
CHUL,2,0,4
CHULA,1,3,5
CHULETA,2,0,2
CHULO,5,0,6
CHUMIE,0,3,6
CHUMLEY,2,0,2
CHUN,16,5,41
CHUNG,15,1,33
CHUNK,2,0,2
CHUNKIE,2,0,3
CHUNKY,1,1,2
CHURCHILL,2,0,2
CHY,0,5,6
CHYME,0,2,2
CHYNA,1,13,23
CHYNAH,0,2,2
CHYNNA,0,4,8
CI,3,0,4
CIA,0,3,10
CIAN,5,0,10
CIANA,0,2,3
CIANO,2,0,3
CIARA,0,46,89
CIARAN,11,0,23
CIARRA,0,2,5
CIBELES,0,2,2
CIBELI,0,2,2
CICCIO,2,0,3
CICELY,0,9,17
CICI,1,9,21
CID,4,2,8
CIELITO,0,2,2
CIELO,0,9,16
CIERA,0,8,15
CIERRA,0,10,19
CIHAN,8,1,13
CINDA,0,2,4
CINDEE,0,2,3
CINDERELLA,0,3,5
CINDI,0,22,38
CINDIA,0,4,5
CINDIE,0,2,9
CINDII,0,2,2
CINDRA,0,2,2
CINDY,3,660,1345
CINDYANN,0,2,2
CINE,0,2,3
CINNAMON,0,8,11
CINSERE,2,0,2
CINTA,0,2,2
CINTHIA,0,20,45
CINTHYA,0,16,25
CINTIA,0,11,15
CINTRA,0,3,4
CINTRON,1,1,3
CINZIA,0,10,15
CIO,0,3,3
CIPH,2,0,2
CIPRIAN,6,0,11
CIRA,0,5,12
CIRCLE,2,2,5
CIRILO,4,0,4
CIRO,18,0,30
CISCO,14,1,21
CISSE,1,1,3
CISSY,0,3,6
CITA,0,2,4
CITIZEN,2,1,8
CITRA,0,2,3
CITYOF,2,0,2
CIVIA,0,2,2
CJAY,3,1,6
CKY,3,0,3
CLAES,3,0,5
CLAIBORNE,1,1,4
CLAIR,1,8,22
CLAIRE,1,314,743
CLARA,0,130,271
CLARCK,3,0,3
CLARE,2,70,184
CLARENCE,75,0,112
CLARET,0,2,2
CLARI,0,5,8
CLARIBEL,0,29,54
CLARICE,0,14,31
CLARIS,0,3,4
CLARISA,0,7,14
CLARISE,0,2,2
CLARISEL,0,2,2
CLARISSA,1,53,125
CLARISSE,0,10,18
CLARITA,0,5,8
CLARITZA,0,4,5
CLARIZA,0,3,4
CLARK,44,2,92
CLARKE,8,2,20
CLARO,2,0,2
CLARY,0,4,5
CLARYBEL,0,2,2
CLASSIC,5,1,8
CLAUDE,59,7,126
CLAUDEEN,0,2,3
CLAUDENE,0,3,4
CLAUDETTE,0,48,77
CLAUDIA,0,512,1043
CLAUDINA,0,6,7
CLAUDINE,0,44,98
CLAUDIO,70,0,127
CLAUDIU,4,0,4
CLAUDIUS,4,0,4
CLAUDY,2,3,5
CLAUS,2,0,4
CLAXTON,2,0,2
CLAY,52,0,96
CLAYTON,47,0,83
CLEA,0,2,6
CLEARY,1,3,4
CLEIDY,0,2,3
CLELIA,0,4,10
CLEM,7,0,17
CLEMENCE,0,3,9
CLEMENCIA,0,2,2
CLEMENS,2,0,3
CLEMENT,39,0,63
CLEMENTE,7,1,17
CLEMENTINA,0,2,3
CLEMENTINE,0,3,16
CLENTON,2,0,3
CLEO,4,24,50
CLEON,10,0,14
CLEOPATRA,0,11,19
CLETE,3,0,3
CLETO,2,0,2
CLETUS,8,0,9
CLEVE,6,0,11
CLEVELAND,19,0,28
CLEVEN,2,0,2
CLICK,2,0,2
CLIF,7,0,9
CLIFF,119,0,200
CLIFFORD,79,0,127
CLIFTON,37,0,68
CLINT,62,0,96
CLINTON,54,0,91
CLIO,0,2,9
CLIVE,39,0,58
CLODAGH,0,3,4
CLORINA,0,2,2
CLOSET,1,3,5
CLOTILDE,0,5,9
CLOUD,2,0,4
CLOVE,1,1,2
CLOVER,2,8,14
CLOË,0,4,7
CLUNY,1,1,2
CLYDE,52,2,87
CLYNTON,3,0,3
CLYVE,2,0,2
COACH,2,1,7
COBBY,3,0,5
COBY,11,1,19
COCO,11,49,102
COCOA,1,7,14
CODIE,1,1,3
CODY,103,12,219
COEN,2,0,3
COFFEE,2,3,8
COHEN,3,3,13
COL,2,0,2
COLA,0,2,2
COLBY,28,6,61
COLE,49,7,109
COLEEN,0,39,66
COLEMAN,6,3,17
COLENE,0,2,3
COLETTA,0,2,2
COLETTE,0,65,127
COLEY,1,2,6
COLIE,2,2,6
COLIN,258,0,523
COLINA,0,2,2
COLINE,1,2,5
COLLEEN,0,343,811
COLLENE,0,2,3
COLLETTE,0,13,35
COLLIN,57,1,105
COLLINS,11,2,23
COLLIS,3,0,8
COLM,12,0,23
COLMAN,2,0,6
COLOR,2,0,3
COLSON,2,0,2
COLT,2,0,3
COLTON,6,0,11
COLUMBIA,1,3,15
COLVIN,3,0,5
COLYN,1,1,2
COME,2,0,3
COMEDIAN,2,0,3
COMET,2,0,2
COMFORT,0,3,8
COMIC,1,2,6
COMPREHENSIVE,1,1,2
COMPTON,5,0,7
COMRADE,1,1,3
CON,4,1,13
CONAL,2,0,2
CONALL,3,0,6
CONAN,5,0,12
CONCEPCION,1,4,6
CONCETTA,0,29,50
CONCHI,1,1,2
CONCHITA,0,5,6
CONEY,1,2,5
CONG,4,1,7
CONNELL,3,1,4
CONNER,5,3,12
CONNIE,0,265,478
CONNOR,61,2,134
CONNY,0,3,6
CONO,7,0,11
CONOR,53,1,138
CONRAD,61,1,118
CONRADO,5,0,8
CONROD,2,0,2
CONROY,9,0,12
CONSCIOUS,1,1,3
CONSEJO,2,0,2
CONSTANCE,0,61,113
CONSTANT,2,0,6
CONSTANTIN,9,0,15
CONSTANTINA,0,3,6
CONSTANTINE,32,0,56
CONSTANTINO,2,0,6
CONSTANTINOS,7,0,13
CONSTANZA,0,5,11
CONSTANZE,0,3,3
CONSUELA,0,2,5
CONSUELO,0,19,28
CONTESSA,0,3,6
CONTI,2,0,2
CONTINA,0,2,3
CONWAY,4,0,8
CONYA,0,2,2
COOK,3,1,5
COOL,10,0,15
COOLIE,2,0,2
COOPER,24,2,51
COPPER,2,0,2
CORA,0,30,56
CORAL,0,10,24
CORALIE,0,2,12
CORALY,0,2,2
CORAZON,0,5,7
CORBAN,2,0,3
CORBETT,4,0,9
CORBIN,8,0,17
CORBY,1,1,4
CORD,2,0,3
CORDEL,2,0,5
CORDELIA,0,7,20
CORDELL,10,1,18
CORDERO,4,0,6
CORDULA,0,3,3
COREE,0,3,4
COREEN,0,12,16
COREN,1,1,2
CORETTA,0,8,14
COREY,343,34,696
CORI,1,30,78
CORIE,1,9,18
CORIN,5,3,17
CORINA,0,25,61
CORINE,0,8,18
CORINNA,0,18,38
CORINNE,0,121,269
CORINTHIA,0,7,8
CORKEY,2,0,2
CORKY,2,1,4
CORLIS,0,2,2
CORLISS,0,2,3
CORMAC,4,0,7
CORNEL,6,0,9
CORNELIA,0,25,46
CORNELIO,2,0,4
CORNELIU,4,0,4
CORNELIUS,22,1,39
CORNELL,11,1,19
CORONA,1,1,3
CORRADO,9,0,12
CORRIE,3,14,38
CORRIN,0,2,4
CORRINA,0,4,12
CORRINE,0,29,51
CORRINNE,0,2,5
CORRY,3,2,11
CORTES,1,1,3
CORTEZ,9,0,13
CORTNEE,0,2,2
CORTNEY,1,12,45
CORWIN,6,0,9
CORY,154,14,364
COSIMO,8,0,13
COSMAS,3,0,3
COSMIN,4,0,7
COSMO,17,0,28
COSSANDRA,0,2,2
COSTA,12,1,21
COSTANTINA,0,2,2
COSTANZA,0,3,6
COSTAS,9,0,15
COSTIN,2,0,4
COTTON,2,0,2
COTY,2,1,5
COURT,5,1,17
COURTENAY,1,6,19
COURTENEY,1,6,13
COURTLAND,2,0,4
COURTNAY,0,2,8
COURTNE,1,1,2
COURTNEY,87,387,1141
COURTNIE,0,2,4
COUSIN,3,1,4
COVADONGA,0,2,2
COY,4,1,5
COZY,1,2,4
CRAIG,669,1,1224
CRAIG-ANTHONY,2,0,2
CRAMER,2,0,2
CRASH,3,1,7
CRAWFORD,2,0,4
CRAZII,0,2,2
CREATIVE,1,1,8
CREE,1,3,7
CREIGHTON,3,2,8
CRES,0,2,4
CRESENCIO,2,0,2
CREWS,1,2,3
CRICKET,1,5,11
CRIS,41,25,110
CRISMELY,0,2,2
CRISPIN,6,0,12
CRISS,3,1,9
CRISSIE,0,2,5
CRISSY,0,17,32
CRISTA,0,9,20
CRISTAL,0,32,47
CRISTELA,0,3,3
CRISTEN,0,7,17
CRISTHIAN,11,0,20
CRISTI,0,3,13
CRISTIAN,140,4,220
CRISTIANA,0,8,16
CRISTIANE,1,1,8
CRISTIANO,13,0,20
CRISTIE,0,5,8
CRISTIN,1,15,39
CRISTINA,1,280,704
CRISTINE,0,14,30
CRISTOBAL,10,0,21
CRISTOPHER,4,0,4
CRISTY,1,14,34
CRIZ,2,1,4
CROMWELL,2,0,5
CROOKED,2,0,2
CROSS,3,0,4
CROWN,3,0,4
CROWNED,2,0,2
CRUEL,1,1,3
CRUZ,19,13,45
CRYS,0,3,5
CRYSSY,0,3,3
CRYSTA,0,4,8
CRYSTAL,2,676,1277
CRYSTALLEE,0,2,2
CRYSTEL,0,4,6
CRYSTLE,0,3,5
CSABA,3,1,7
CSILLA,0,4,8
CUBAN,2,0,3
CUBBY,1,1,3
CUBERT,2,0,3
CUCA,0,3,4
CUI,1,5,6
CULLEN,7,1,11
CULTURE,5,1,9
CUMHUR,2,0,3
CUN,2,0,2
CUNNEL,2,0,2
CUNNINGHAM,1,1,6
CURIE,0,2,2
CURLENE,0,5,5
CURLINE,0,2,2
CURLY,1,1,3
CURRY,1,2,3
CURT,34,0,53
CURTIS,229,2,355
CURTISS,2,0,4
CURVIN,2,0,2
CUSTOM,3,1,5
CUT,1,1,2
CUTY,0,3,3
CVETELINA,0,2,2
CW,2,0,2
CY,8,4,15
CYA,2,0,2
CYAN,0,2,5
CYN,0,8,15
CYNARA,0,4,5
CYNDA,0,2,3
CYNDEE,0,2,4
CYNDI,0,30,58
CYNDIA,0,3,4
CYNDY,0,2,7
CYNTHIA,0,761,1452
CYNTIA,0,3,3
CYPRESS,0,2,2
CYRE,0,4,6
CYRENE,0,2,4
CYRIELLE,0,2,4
CYRIL,21,0,52
CYRILL,2,0,3
CYRILLE,3,0,7
CYRUS,39,0,74
CZAR,3,0,6
CZARINA,0,3,4
CZARINNA,0,2,2
CÉCILE,0,29,61
CÉSAR,295,2,500
DA,28,13,74
DAAIYAH,0,2,2
DAAN,2,0,3
DABEIBA,0,2,2
DAC,2,0,3
DACIA,0,11,23
DACIAN,2,0,2
DACY,1,1,2
DADA,5,2,10
DADO,1,1,4
DADY,4,1,6
DAE,11,1,18
DAEKEUN,2,0,2
DAFFY,2,0,3
DAFINA,0,3,6
DAFNA,0,4,20
DAFNE,0,3,5
DAG,4,0,6
DAGAN,3,0,4
DAGMAR,0,6,11
DAGMARA,0,6,14
DAGNY,0,2,4
DAGOBERTO,5,0,6
DAHALIA,0,2,2
DAHI,2,0,2
DAHIANA,0,10,17
DAHIANNA,0,2,2
DAHLIA,0,35,74
DAI,4,0,15
DAIAN,1,1,2
DAIANA,0,8,17
DAICHI,2,0,5
DAIGO,2,0,3
DAIKI,2,0,2
DAILY,6,2,10
DAIN,4,1,13
DAINA,0,7,20
DAINE,3,1,6
GAETANA,0,2,4
GAETANE,0,2,5
GAETANO,26,0,37
GAFAR,2,0,2
GAGAN,7,2,18
GAGANDEEP,4,2,9
GAGE,4,0,10
GAI,2,0,6
GAIA,0,7,11
GAIL,1,398,607
GAILE,0,2,3
GAILENE,0,2,2
GAINES,2,0,2
GAIRY,2,0,5
GAITREE,0,4,4
GAITRI,0,2,2
GAITRIE,0,2,2
GAL,14,6,31
GALA,0,5,13
GALE,4,34,55
GALEN,14,1,24
GALI,0,4,14
GALIA,0,8,15
GALILA,0,2,2
GALILEO,1,1,2
GALINA,0,45,76
GALIT,0,17,35
GALLAGHER,1,1,4
GALLY,2,0,3
GALO,14,0,17
GALT,1,1,3
GALYN,0,2,2
GAMAL,14,0,17
GAMALIEL,5,0,8
GAMALIER,2,0,2
GAMES,5,1,6
GAMZE,0,8,14
GAN,2,1,4
GANA,1,1,3
GANDOLFA,0,2,2
GANESH,25,0,35
GANG,2,0,4
GANGA,0,3,6
GANI,2,0,4
GANNON,2,1,7
GAO,2,2,6
GAR,5,2,13
GARADA,1,1,2
GARAM,3,0,3
GARBO,0,2,3
GARCIA,6,5,18
GARDEN,1,1,3
GARDENIA,0,5,6
GARDITH,0,2,3
GARDNER,1,1,8
GARDY,8,1,12
GAREN,2,0,8
GARET,3,0,4
GARETH,30,0,44
GAREY,2,0,3
GARFIELD,31,0,43
GARGI,0,2,6
GARIK,2,0,2
GARLAND,6,2,11
GARNER,3,0,6
GARNET,8,0,12
GARNETT,6,1,8
GARNETTE,1,1,2
GARO,2,0,5
GARRET,9,0,18
GARRETH,2,0,2
GARRETT,105,3,190
GARRETTE,2,0,2
GARRICK,13,0,23
GARRIS,2,0,2
GARRISON,3,0,3
GARRY,61,0,98
GARSON,2,0,2
GARTH,27,0,56
GARVENS,3,0,3
GARVEY,5,1,10
GARVIN,15,0,24
GARY,971,2,1609
GASHI,2,0,2
GASPAR,6,0,7
GASPARE,5,0,11
GASPER,7,0,10
GASTON,10,0,22
GATA,0,3,3
GATE,2,0,2
GATES,3,0,5
GATO,3,0,4
GAUDY,0,4,6
GAURANG,4,0,7
GAURAV,49,0,88
GAURI,0,2,11
GAUTAM,21,0,37
GAUTHAM,2,0,3
GAVI,4,1,10
GAVIN,103,0,202
GAVO,2,0,2
GAVRIEL,8,0,14
GAWAYNE,3,0,4
GAY,2,10,15
GAYANE,0,2,2
GAYATHRI,0,3,4
GAYATRI,0,5,8
GAYE,0,7,13
GAYLE,1,73,132
GAYLORD,3,0,5
GAYNELLE,0,3,3
GAYOUNG,0,2,3
GAZA,2,0,2
GAZI,4,0,9
GAZMEND,5,0,5
GAZMIR,2,0,3
GBEMISOLA,0,3,4
GBENGA,8,0,10
GE,4,0,8
GEAN,2,2,5
GEANETTE,0,2,4
GEANINE,0,2,6
GEAROID,2,0,2
GED,0,2,3
GEDDES,2,0,2
GEE,32,8,68
GEEGEE,0,2,3
GEENA,0,5,14
GEERT,2,0,4
GEETA,0,23,44
GEETHA,0,5,8
GEETIKA,0,2,5
GEFFREY,3,0,3
GEGE,1,1,5
GEISHA,0,6,8
GELINA,0,2,2
GELISA,0,2,2
GELO,2,0,2
GELYA,0,2,2
GEM,1,2,9
GEMA,0,5,10
GEMINI,0,3,5
GEMMA,0,38,71
GEN,8,4,25
GENA,3,30,61
GENARO,16,0,21
GENC,3,0,8
GENCO,3,1,5
GENE,229,3,392
GENEA,0,4,5
GENEE,0,2,2
GENEISE,0,2,2
GENELL,0,4,5
GENELLE,0,5,7
GENENE,0,3,4
GENERO,2,0,2
GENESE,0,5,12
GENESIS,6,56,113
GENETTE,0,2,2
GENEVA,0,23,46
GENEVE,0,4,4
GENEVIEVE,0,89,206
GENEVIVE,0,3,4
GENGHIS,2,0,5
GENGIS,2,0,3
GENI,1,4,6
GENIA,0,6,9
GENIE,0,11,27
GENIENE,0,2,4
GENINE,0,6,9
GENISE,0,8,11
GENKI,2,1,3
GENNA,0,15,38
GENNADIY,6,0,13
GENNADY,12,0,17
GENNARO,15,0,35
GENNIE,0,2,3
GENNIFER,0,2,6
GENNINE,0,3,4
GENNY,0,9,23
GENO,14,0,19
GENOVEVA,0,2,2
GENT,2,0,5
GENTI,5,0,7
GENTIAN,3,0,7
GENTRY,2,1,6
GENY,0,2,3
GEO,29,2,59
GEOF,2,0,2
GEOFF,88,0,193
GEOFFREY,100,0,207
GEOFREY,2,0,2
GEORDIE,3,0,5
GEORG,6,0,11
GEORGANN,0,2,2
GEORGE,1523,8,2625
GEORGEANN,0,4,7
GEORGEANNE,0,2,4
GEORGES,17,0,29
GEORGETTE,0,28,52
GEORGI,11,1,20
GEORGIA,0,109,217
GEORGIANA,0,12,24
GEORGIANN,0,2,2
GEORGIANNA,0,6,11
GEORGIE,11,8,31
GEORGINA,0,48,93
GEORGIO,6,0,10
GEORGIOS,3,0,10
GEORGIY,2,0,4
GEORGY,2,0,4
GEOVANI,2,0,3
GEOVANNA,0,2,8
GEOVANNI,8,0,18
GEOVANNY,18,0,28
GEOVANY,5,0,7
GER,5,1,7
GERA,2,1,5
GERALD,199,0,302
GERALDE,0,3,4
GERALDINE,0,131,236
GERALDO,9,0,23
GERALYN,0,14,20
GERARD,212,0,331
GERARDO,84,0,129
GERASIMOS,4,0,8
GERBER,2,0,4
GERD,3,0,3
GERDA,0,2,6
GERGANA,0,2,4
GERHARD,4,0,11
GERHARDT,2,0,3
GERI,2,56,101
GERLANDO,2,0,2
GERLINDE,0,2,2
GERMAIN,8,1,14
GERMAINE,7,24,43
GERMAN,76,0,131
GERMANA,0,3,4
GERMANIA,0,5,8
GERMEL,2,0,2
GEROGE,2,0,3
GEROME,7,0,7
GERON,3,0,3
GERONIMO,6,0,12
GERRARD,2,0,3
GERRI,0,23,47
GERRIANN,0,3,3
GERRIANNE,0,3,3
GERRIT,3,0,9
GERRON,3,0,4
GERRY,67,24,159
GERSH,2,0,3
GERSHOM,3,0,5
GERSHON,6,0,11
GERSON,20,0,33
GERT,2,1,4
GERTI,3,0,6
GERTIE,0,2,2
GERTRUDE,1,16,22
GERTY,0,2,2
GESNER,2,0,2
GESSELLE,0,3,3
GESSICA,0,5,9
GET,5,1,11
GETTY,1,2,3
GETZY,2,0,3
GEZA,3,0,4
GEZEL,0,2,2
GEZIM,9,0,10
GHADA,0,3,9
GHAILE,0,2,2
GHALI,3,0,4
GHALIB,3,0,3
GHASSAN,5,0,8
GHAZAL,1,1,5
GHAZALA,0,2,4
GHAZI,4,0,7
GHISLAIN,2,0,4
GHISLAINE,0,8,10
GHULAM,7,0,8
GI,2,5,10
GIA,0,48,93
GIACOMO,24,0,43
GIADA,0,3,11
GIAMPAOLO,3,0,3
GIAN,19,1,38
GIANA,0,9,16
GIANCARLO,39,1,79
GIANCARLOS,6,1,8
GIANFRANCO,12,0,20
GIANG,1,2,4
GIANINA,0,4,8
GIANINNA,0,2,2
GIANLUCA,18,0,36
GIANLUIGI,3,0,3
GIANMARCO,5,0,6
GIANNA,0,36,95
GIANNE,1,1,4
GIANNELLA,0,2,2
GIANNI,37,3,68
GIANNIS,5,0,11
GIANNY,1,2,4
GIANPAOLO,2,0,5
GIANVITO,2,0,3
GIAVANNA,0,2,2
GIBBS,3,0,3
GIBRAN,8,0,12
GIBSON,3,0,3
GIDEON,34,0,64
GIDGET,0,8,10
GIDON,5,0,9
GIEDRE,0,3,3
GIEFAAN,2,0,2
GIEUN,0,2,2
GIFT,1,2,7
GIFTED,3,0,3
GIFTY,0,5,11
GIGA,2,0,6
GIGI,3,81,178
GIHO,2,0,2
GIL,105,2,210
GILA,0,14,36
GILAD,14,0,25
GILBERT,110,2,179
GILBERTO,58,1,86
GILDA,0,22,40
GILDARDO,3,0,4
GILES,8,0,18
GILI,4,0,10
GILIAN,0,4,7
GILL,9,4,27
GILLES,11,2,25
GILLIAN,0,93,235
GILLIE,0,2,2
GILLY,0,2,5
GILMA,1,2,5
GILMAR,3,0,4
GILSON,3,0,3
GIM,3,0,4
GIMA,0,3,3
GIMEL,2,0,2
GIN,2,2,12
GINA,1,711,1520
GINAMARIE,0,11,23
GINELLE,0,2,7
GINES,2,0,3
GINESSA,0,2,2
GINETTE,0,16,28
GINEVRA,0,2,3
GINGER,3,65,137
GINI,0,6,10
GINIA,0,2,3
GINNA,0,7,12
GINNETTE,0,2,7
GINNIE,0,4,6
GINNINE,0,2,2
GINNY,0,51,89
GINO,59,0,116
GINSBERG,1,1,2
GINTAUTAS,2,0,2
GIO,31,4,66
GIOIA,0,2,9
GIORA,3,0,3
GIORDANI,3,0,3
GIORDANO,2,0,3
GIORGI,3,0,7
GIORGIA,0,8,16
GIORGINA,0,2,3
GIORGIO,23,0,43
GIORGOS,5,0,7
GIORGY,1,1,2
GIOUX,2,0,2
GIOVANA,0,6,9
GIOVANI,4,1,8
GIOVANNA,0,72,140
GIOVANNI,211,4,341
GIOVANNIA,0,2,2
GIOVANNY,20,0,31
GIRA,0,2,2
GIRAY,3,0,3
GIRI,2,0,4
GIRIJA,0,2,2
GIRISH,9,0,16
GISEL,0,5,14
GISELA,0,34,64
GISELE,0,26,35
GISELL,0,4,6
GISELLA,0,18,26
GISELLE,0,148,270
GISELLET,0,2,2
GISETTE,0,2,3
GISSEL,0,7,11
GISSELA,0,2,4
GISSELL,0,9,16
GISSELLE,0,21,45
GITA,0,10,25
GITANJALI,0,2,3
GITIT,0,3,4
GITTY,0,6,17
GIULIA,0,21,60
GIULIANA,0,13,23
GIULIANO,7,0,11
GIULIO,21,0,34
GIUSEPPA,0,2,4
GIUSEPPE,124,0,181
GIUSEPPINA,0,7,11
GIUSI,0,2,4
GIUSY,0,5,6
GIWA,2,0,2
GIZ,4,0,4
GIZEL,0,2,4
GIZELLA,0,2,4
GIZELLE,0,3,10
GIZEM,0,7,19
GIZETTE,0,2,2
GIZMO,2,0,2
GJERGJ,3,0,5
GJERGJI,2,0,5
GJON,2,0,5
GLADIA,0,2,2
GLADIS,0,5,6
GLADWIN,2,0,3
GLADYS,0,182,275
GLAMARIS,0,2,2
GLASS,2,2,7
GLEB,9,0,15
GLEN,129,2,218
GLENA,0,3,4
GLENDA,0,80,136
GLENDALIZ,0,3,4
GLENDALY,0,3,7
GLENDON,2,0,3
GLENDY,0,3,11
GLENFORD,3,0,4
GLENIS,0,3,6
GLENISE,0,2,3
GLENMORE,2,0,3
GLENN,304,4,538
GLENNA,0,6,13
GLENNIE,1,2,3
GLENNIS,0,3,8
GLENNY,0,8,15
GLENNYS,0,2,9
GLENROY,6,0,7
GLENY,0,7,10
GLENYS,0,9,17
GLINDA,0,2,2
GLOBE,1,1,2
GLORI,0,5,7
GLORIA,0,457,778
GLORIANN,0,2,2
GLORIBEL,0,5,8
GLORIE,0,4,4
GLORIMAR,0,4,10
GLORY,2,12,24
GLOVER,2,0,3
GLYN,4,2,11
GLYNIS,0,7,14
GLYNN,1,1,5
GLYNNIS,0,2,4
GMAN,4,0,7
GMONEY,3,0,5
G-MONEY,2,0,2
GO,9,2,21
GODDES,0,2,2
GODDY,2,0,2
GODESS,0,2,2
GODFRED,3,0,5
GODFREY,23,0,34
GODWIN,7,0,14
GOGO,4,3,8
GOGY,2,0,2
GOH,1,1,4
GOKAY,2,0,2
GOKCE,3,2,9
GOLAM,4,0,5
GOLAN,3,0,6
GOLD,3,0,8
GOLDA,0,11,17
GOLDBERG,3,0,5
GOLDEN,3,4,13
GOLDIE,4,18,45
GOLDY,1,4,13
GOLI,0,2,3
GOMA,1,2,3
GOMEZ,3,0,8
GONCA,0,2,6
GONEN,2,0,2
GONG,3,2,7
GONI,2,0,2
GONZALEZ,2,1,10
GONZALO,42,0,69
GOOD,6,1,14
GOPAL,9,0,16
GOPAUL,2,0,3
GOPI,6,0,9
GORAN,14,0,29
GORDANA,0,6,7
GORDO,2,0,2
GORDON,135,4,241
GORDY,2,0,4
GORGE,3,0,3
GOSHA,3,0,7
GOSIA,0,10,23
GOSS,0,2,3
HARRINGTON,3,0,4
HARRIS,59,3,121
HARRISON,53,0,128
HARRON,2,0,3
HARRY,361,3,633
HARSH,11,1,31
HARSHA,3,3,13
HARSHAD,3,0,7
HARSHAL,3,0,4
HARSHIT,2,0,4
HARSIMRAN,2,0,2
HART,3,1,7
HARTLEY,5,0,6
HARUKA,1,6,12
HARUKO,0,2,3
HARUMI,0,4,6
HARUN,8,0,19
HARUT,3,0,3
HARVARD,2,0,2
HARVEST,1,1,2
HARVEY,108,3,158
HARVINDER,2,0,4
HASAAN,2,0,3
HASAN,59,0,101
HASANI,14,0,21
HASEEB,3,0,8
HASHEM,2,0,5
HASHIM,12,0,19
HASIB,4,0,6
HASIM,2,0,4
HASINA,0,5,7
HASSAN,114,0,187
HASSANA,0,2,2
HASSON,3,0,3
HAT,3,0,6
HATEM,6,0,8
HATHOR,0,2,2
HATICE,0,6,8
HATIM,3,0,5
HATTIE,0,9,15
HAU,3,1,7
HAUWA,0,2,2
HAV,1,1,2
HAVA,0,3,6
HAVANA,0,2,6
HAVI,0,2,4
HAVIER,4,0,5
HAWA,0,5,10
HAWK,2,0,3
HAWWAH,0,4,4
HAXHI,2,0,2
HAYA,0,2,6
HAYAL,2,2,4
HAYAN,0,3,4
HAYASHI,0,2,2
HAYATO,2,0,2
HAYDAR,2,0,2
HAYDEE,0,47,79
HAYDEEN,2,0,2
HAYDEN,22,14,61
HAYDI,0,2,2
HAYES,1,4,11
HAYK,3,0,3
HAYLE,1,1,2
HAYLEE,0,5,8
HAYLEY,0,67,168
HAYLIE,0,3,5
HAYMAN,2,0,2
HAYNES,2,1,7
HAYWOOD,12,0,16
HAZE,2,1,4
HAZEL,2,55,111
HAZEL-ANN,0,4,6
HAZEM,8,0,16
HAZUKI,0,2,3
HE,5,1,8
HEAD,2,0,5
HEADS,2,0,2
HEALING,0,2,2
HEARD,1,1,2
HEARNS,1,1,2
HEART,0,2,4
HEAT,2,1,4
HEATH,23,0,69
HEATHER,1,871,2046
HEATHERLYN,0,2,3
HEAVEN,0,5,17
HEAVENLY,0,4,6
HEBA,0,6,18
HEBER,3,0,3
HEBERT,3,0,3
HEC,3,1,9
HEDDA,0,5,6
HEDDY,1,3,6
HEDGE,1,1,3
HEDI,2,3,8
HEDIEH,0,2,2
HEDLEY,2,0,4
HEDY,1,11,23
HEE,7,7,22
HEEJIN,0,6,13
HEEJU,0,2,3
HEEJUNG,0,4,9
HEEKYOUNG,0,2,2
HEELS,1,1,2
HEENA,0,5,9
HEERA,2,0,3
HEERAN,1,1,2
HEESUN,0,3,6
HEIDE,0,8,14
HEIDI,0,247,547
HEIDY,0,24,42
HEIKE,0,8,12
HEIKO,2,0,5
HEIMY,0,2,2
HEINER,2,0,3
HEINZ,3,1,8
HEITOR,2,0,2
HEIZAR,2,0,2
HEKTOR,3,0,4
HELAI,0,2,2
HELAINA,0,2,3
HELAINE,0,12,17
HELAL,3,0,6
HELANA,0,2,3
HELANE,0,4,6
HELDER,5,0,6
HELEEN,0,2,2
HELEN,0,564,1054
HELENA,0,89,208
HELGA,0,12,17
HELI,1,2,6
HELINA,0,2,4
HELIO,7,0,8
HELL,2,0,4
HELLA,0,4,5
HELLEN,1,11,21
HELMA,0,2,2
HELMI,3,1,4
HELMUT,5,0,6
HELOISA,0,2,4
HELOISE,0,6,10
HEMA,1,16,32
HEMAL,5,1,8
HEMALI,0,3,7
HEMANT,10,0,20
HEMANTH,5,0,6
HEMDI,1,1,2
HEMEN,2,0,2
HEMI,2,0,2
HENA,0,3,6
HEND,0,2,3
HENDARTA,2,0,2
HENDERSON,3,0,7
HENDI,2,0,2
HENDRA,4,0,6
HENDRI,3,0,3
HENDRICK,5,0,10
HENDRIK,7,0,11
HENDRY,5,0,5
HENDY,3,2,6
HENG,6,3,15
HENGKY,2,0,2
HENLEY,1,1,2
HENNA,0,6,14
HENNESSEY,0,2,2
HENNESSY,0,3,6
HENNING,8,0,12
HENNY,3,12,29
HENOK,3,0,5
HENRI,24,1,47
HENRIETTA,0,16,27
HENRIETTE,0,2,7
HENRIK,14,0,25
HENRIQUE,10,0,16
HENRRY,3,0,3
HENRY,718,2,1240
HENY,2,0,2
HENZ,2,0,2
HER,1,2,5
HERA,1,1,5
HERALD,3,0,3
HERALDO,2,0,3
HERARD,3,0,4
HERB,33,0,59
HERBERT,85,0,126
HERBIE,10,1,20
HERBY,8,0,8
HERCULES,7,0,8
HERI,2,0,3
HERIBERTO,17,0,25
HERIK,2,0,2
HERMAN,60,0,99
HERMANN,2,0,4
HERMENECK,2,0,2
HERMES,9,1,13
HERMINE,0,3,7
HERMINIA,0,3,6
HERMINIO,7,0,9
HERMIT,2,0,2
HERNALDO,3,0,3
HERNANDEZ,2,3,8
HERNANDO,16,0,27
HERNÁN,48,0,68
HERO,4,0,5
HERON,4,0,4
HERRERA,2,1,4
HERRY,4,0,4
HERSCHEL,4,0,10
HERSH,7,0,8
HERSHEL,5,0,8
HERSHEY,5,1,12
HERSHY,2,0,3
HERSON,4,0,5
HERSSON,2,0,2
HERTA,0,4,6
HERU,5,0,5
HERVE,11,0,22
HERVEY,3,0,3
HERY,2,0,5
HESHAM,9,0,23
HESHY,11,0,16
HESKY,2,0,2
HESTER,0,6,11
HETTIE,0,2,4
HEZEKIAH,8,0,13
HEZI,2,0,4
HI,3,0,5
HIBA,0,2,6
HICHAM,16,0,21
HICHEM,4,0,5
HIDALGO,1,1,4
HIDEKI,6,0,6
HIDEKO,0,3,5
HIDEOUT,1,1,2
HIDETO,2,0,2
HIEDI,0,2,2
HIEU,2,0,4
HIGH,3,0,3
HIGHEND,2,0,2
HIJIRI,1,1,2
HIKARI,0,2,2
HIKARU,3,2,8
HIKMET,1,1,4
HILA,0,11,34
HILAL,1,3,6
HILARIE,0,2,7
HILARIO,4,0,6
HILARY,3,105,278
HILDA,2,93,149
HILDEBRANDO,2,0,2
HILDEGARDE,0,2,2
HILDY,1,6,8
HILI,0,2,2
HILL,3,4,17
HILLARY,3,105,262
HILLEL,19,0,33
HILLERY,0,2,6
HILLI,0,2,2
HILMA,0,2,4
HILTON,7,0,9
HIMALAYAN,1,1,2
HIMANSHU,12,0,21
HIMI,1,1,2
HIN,6,0,7
HINA,0,10,24
HIND,0,3,7
HINDA,0,5,9
HINDI,0,3,3
HINDY,0,14,20
HING,6,1,8
HINNA,0,2,3
HIPOLITO,5,0,10
HIRA,1,7,12
HIRAL,0,2,8
HIRAM,21,0,33
HIRAN,3,0,6
HIREN,9,0,12
HIRO,10,3,30
HIROAKI,3,0,5
HIROE,0,2,2
HIROFUMI,2,0,2
HIROKAZU,4,0,4
HIROKI,7,0,9
HIROKO,0,18,42
HIROMI,3,11,30
HIRONORI,2,0,4
HIROSHI,8,0,20
HIROYO,0,2,2
HIROYUKI,7,0,9
HISA,1,2,3
HISAKI,2,0,2
HISAKO,0,2,4
HISHAM,4,0,12
HITEN,4,0,5
HITESH,7,0,13
HITOMI,1,7,17
HITOSHI,2,0,4
HIU,1,1,3
HNIN,0,2,4
HO,10,3,25
HOA,3,2,14
HOAI,0,2,4
HOBBES,3,0,3
HODA,1,3,10
HODGES,2,0,2
HOFIT,0,2,2
HOFSTRA,1,1,4
HOGAN,5,0,8
HOI,7,3,18
HOJOON,3,0,6
HOJUN,2,0,2
HOLANDA,0,2,2
HOLDEN,16,0,24
HOLDIN,2,0,2
HOLGER,6,0,9
HOLIDAY,3,2,9
HOLLAND,3,2,11
HOLLDEN,2,0,2
HOLLI,0,5,20
HOLLIE,1,15,30
HOLLIS,6,7,37
HOLLY,2,257,569
HOLLYANN,0,2,2
HOLLYWOOD,5,0,7
HOLMAN,2,0,5
HOLT,1,1,3
HOLY,2,1,9
HOMA,0,5,8
HOMAN,2,0,2
HOMAYOUN,3,0,3
HOME,2,0,3
HOMER,14,1,20
HOMERO,4,0,5
HOMMY,3,1,4
HON,7,0,11
HONDA,2,1,5
HONEY,1,19,33
HONEYLET,0,2,2
HONGFENG,1,1,2
HONGTAO,2,0,2
HONOR,0,9,18
HONORABLE,2,0,2
HONORE,2,1,4
HOOD,6,1,9
HOOMAN,3,0,7
HOON,4,2,7
HOONEY,1,1,2
HOONG,0,2,3
HOOPZ,3,0,3
HOOVER,5,0,6
HOPE,2,119,218
HOPETON,6,0,9
HORACE,34,0,53
HORACIO,13,0,19
HORANE,2,0,3
HORATIO,5,0,7
HORIA,2,0,2
HORST,5,0,7
HORTENSE,0,3,3
HORTENSIA,0,6,9
HOSEIN,2,0,2
HOSNA,0,2,3
HOSSAIN,3,0,6
HOSSAM,4,0,13
HOSSEIN,5,0,8
HOSUN,0,2,3
HOU,2,0,4
HOUDA,0,2,4
HOUDINI,3,0,3
HOUMAN,3,0,6
HOUSE,1,3,8
HOUSSAM,2,0,3
HOUSTON,5,0,8
HOW,2,0,5
HOWARD,367,0,615
HOWELL,2,0,3
HOWIE,69,0,130
HOWL,2,0,2
HOYIN,2,0,3
HOYT,3,0,5
HOZEFA,2,0,3
HOÀNG,6,2,10
HRANT,2,0,2
HRIDOY,3,0,3
HRISTO,5,0,8
HRVOJE,2,0,2
HSIANG,2,3,6
HSIAO,1,1,5
HSIN,1,2,8
HSU,1,2,5
HU,1,1,5
HUA,6,3,13
HUAN,4,4,11
HUANG,6,4,20
HUBERT,32,0,54
HUCK,2,0,4
HUD,2,0,2
HUDA,0,4,9
HUDI,1,1,5
HUDSON,14,1,26
HUDY,0,2,5
HUE,7,2,9
HUEY,5,1,9
HUG,1,1,3
HUGH,92,0,157
HUGHES,3,1,5
HUGO,121,1,210
HUGUES,2,0,5
HUI,11,23,59
HUIHUI,0,2,2
HUIMIN,0,2,3
HUIPING,1,1,2
HUIYI,0,2,2
HULYA,0,9,16
HUM,2,0,2
HUMA,0,6,17
HUMAIR,2,0,2
HUMAIRA,0,2,6
HUMAN,4,0,5
HUMAYUN,7,0,8
HUMBER,3,0,3
HUMBERT,1,1,4
HUMBERTO,37,0,66
HUMERA,0,2,2
HUMMUS,2,0,2
HUMPHREY,4,0,9
HUMZA,6,0,9
HUNG,10,3,25
HUNT,2,0,6
HUNTER,66,1,133
HUNTLEY,2,1,5
HUO,2,0,2
HUONG,0,5,10
HUSAM,5,0,5
HUSAYN,2,0,3
HUSEIN,4,0,5
HUSEYIN,14,0,33
HUSO,2,0,2
HUSSAIN,16,0,26
HUSSEIN,21,0,36
HUSSIÉN,2,0,2
HUXLEY,2,0,2
HUY,5,0,14
HUZAIFA,3,0,3
HWA,0,5,5
HWANG,4,0,7
HY,6,0,9
HYACINTH,0,11,16
HYATT,2,0,3
HYBRID,2,0,2
HYDER,3,0,3
HYE,3,17,29
HYEJIN,0,5,11
HYELIM,0,2,2
HYEMI,0,4,6
HYERI,0,2,4
HYEWON,0,2,6
HYLA,0,2,4
HYMAN,4,0,6
HYMIE,7,0,7
HYO,3,5,12
HYOJIN,0,5,7
HYOJUNG,0,3,4
HYOMIN,1,1,2
HYORI,0,2,2
HYOSUN,0,2,2
HYOUNG,0,2,4
HYPE,2,0,3
HYPER,3,0,4
HYPNO,2,0,2
HYPNOTIC,2,0,2
HYUK,3,0,4
HYUN,18,13,52
HYUNG,12,0,16
HYUNJI,0,2,5
HYUNJIN,0,2,3
HYUNJOO,0,6,9
HYUNJU,0,2,2
HYUN-JU,0,2,2
HYUNJUNG,0,2,7
HYUNNIE,0,2,2
HYUNSOO,4,0,6
HYUNSUK,3,0,3
HYUNWOO,3,0,4
HYUNYOUNG,0,2,2
HÉCTOR,473,1,732
HÉLÈNE,0,134,245
HỒNG,26,18,71
IA,2,3,6
IAIN,11,0,24
IAISHA,0,4,5
IAM,9,3,22
IAN,621,1,1256
IANA,0,2,8
IANCU,2,0,2
IANNA,0,5,6
IANNIS,2,0,2
IASHIA,0,2,2
IASIA,0,3,4
IB,3,0,4
IBA,2,1,3
IBE,1,1,2
IBEL,0,2,2
IBELKA,0,2,2
IBIS,3,1,8
IBN,4,0,6
IBOU,3,0,5
IBRAGIMOV,2,0,2
IBRAHEEM,3,0,5
IBRAHIMA,7,0,11
ICE,2,2,6
ICEL,0,2,2
ICELEAN,0,2,3
ICHIGO,1,1,3
ICILMA,0,2,2
ICKY,1,1,2
ICY,1,1,4
IDA,0,82,118
IDALIA,0,14,20
IDALINA,0,2,2
IDALIS,0,3,6
IDALMY,0,2,2
IDAN,14,1,25
IDANIA,0,3,5
IDARA,0,3,5
IDEL,1,1,4
IDELL,1,2,3
IDELLA,0,3,3
IDINA,0,2,2
IDO,11,0,26
IDONGESIT,0,2,2
IDOWU,2,0,5
IDREES,2,0,3
IDRIS,15,1,24
IDRISS,3,0,6
IDRISSA,3,1,4
IDRIYS,2,0,2
IEASHA,0,4,5
IEISHA,0,4,9
IESHA,0,22,36
IESHIA,0,5,5
IESUS,2,0,2
IFE,1,10,14
IFEANYI,4,0,7
IFEOMA,0,7,10
IFFAT,2,1,10
IFIGENEIA,0,2,2
IFOMA,1,1,2
IFRAH,0,2,2
IFTIKHAR,3,0,4
IFY,0,3,9
IGAL,9,0,19
IGGY,10,2,23
IGLESIAS,2,0,3
IGNACIO,47,0,81
IGNATIUS,6,0,8
IGNAZIO,6,0,12
IGOR,159,0,284
IHAB,7,0,9
IHOR,2,0,2
IHSAAN,2,0,2
IHSAN,3,1,10
IJ,0,2,2
IJAZ,3,0,5
IJEOMA,1,7,15
IKBAL,1,1,3
IKE,33,0,58
IKECHUKWU,3,0,4
IKENNA,6,0,11
IKESHA,0,2,2
IKEY,10,0,17
IKIDA,0,2,2
IKRAM,0,4,8
IKRAN,0,2,2
IKUE,0,2,2
IKUKO,0,2,6
IKUMI,1,1,2
IL,7,1,12
ILA,0,2,9
ILAN,35,1,79
ILANA,0,99,252
ILANIT,0,5,11
ILARIA,0,12,21
ILDE,1,1,2
ILDEFONSO,2,0,2
ILDI,0,2,3
ILDIKO,0,8,13
ILEANA,0,36,78
ILEANE,0,5,5
ILENA,0,2,4
ILENE,0,87,149
ILENIA,0,3,4
ILHAM,1,2,4
ILHAN,9,0,14
ILIA,4,6,18
ILIANA,0,47,87
ILIANNA,0,2,4
ILIAS,5,0,12
ILIJA,2,0,3
ILIR,18,0,26
ILISA,0,2,9
ILISE,0,3,3
ILISSA,0,5,13
ILKA,0,6,9
ILKAY,1,2,5
ILKER,4,0,9
ILKNUR,0,3,5
ILL,9,1,15
ILLANA,0,2,4
ILLIANA,0,3,6
ILLONA,0,3,3
ILLY,1,1,5
ILLYA,2,0,6
ILONA,0,38,86
ILSA,0,5,12
ILSE,0,13,19
ILU,2,0,2
ILYA,110,1,204
ILYANA,0,2,10
ILYAS,9,0,11
ILYSE,0,4,14
ILYSSA,0,6,18
ILZE,0,3,4
IM,2,0,3
IMA,1,6,11
IMAD,9,0,13
IMAGE,1,1,5
IMAM,4,0,4
IMAN,5,14,48
IMANI,6,47,88
IMARA,0,2,2
IMARI,0,3,4
IMAT,2,0,2
IMED,3,0,4
IMEE,0,2,5
IMEL,1,1,2
IMELDA,0,15,28
IMER,3,0,5
IMHOTEP,2,0,2
IMMACULA,0,2,2
IMMANUEL,2,0,10
IMOGEN,0,6,9
IMOGENE,0,2,3
IMRAAN,2,0,2
IMRAN,75,0,134
IMRANA,1,1,4
IMRUL,2,0,2
IMTIAZ,9,0,19
INA,0,35,64
INAS,0,2,2
INAYA,0,2,2
INBAL,0,8,26
INBAR,1,4,11
INDER,2,0,4
INDERA,0,2,2
INDERJIT,2,1,7
INDERPAL,2,0,5
INDHIRA,0,5,14
INDI,1,5,9
INDIA,0,37,79
INDIANA,0,8,14
INDIE,1,2,4
INDIGO,1,4,11
INDIRA,0,52,99
INDO,1,1,2
INDRA,7,26,45
INDRAJEET,2,0,2
INDRAJIT,2,0,3
INDRANI,0,2,5
INDRE,0,3,5
INDRIA,0,2,2
INDU,0,5,7
INDY,1,3,8
INDYA,0,2,6
INE,0,4,4
INESA,0,3,4
INESE,0,2,3
INESSA,0,18,36
INEZ,0,47,79
INFAMOUS,3,1,6
ING,2,1,4
INGA,0,27,70
INGE,0,6,13
INGER,0,9,14
INGMAR,5,0,6
INGO,2,0,3
INGRAM,1,2,4
INGRID,0,239,443
INGRIS,0,3,8
INGRY,0,2,2
INKED,2,0,2
INKYU,2,0,2
INKYUNG,0,2,4
INMACULADA,0,2,2
INNA,0,82,165
INNESSA,0,2,3
INSAF,1,2,4
INSAN,2,0,2
INSHA,0,2,2
INSHAN,2,0,2
INSOO,3,1,5
INSPECTAH,2,0,2
INSUNG,4,0,5
INTI,1,1,7
INTRO,2,0,2
INU,1,1,2
INWOOD,1,1,5
INYOUNG,0,3,5
INÉS,0,43,84
IO,0,2,2
IOAN,2,0,2
IOANA,0,12,23
IOANNA,0,6,8
IOANNIS,15,0,26
IOLA,0,2,2
IOLANDA,0,2,6
ION,2,1,5
IONA,0,7,8
IONE,0,3,7
IOSIF,2,0,3
IPEK,0,5,16
IQBAL,10,0,13
IQRA,0,5,11
IRA,137,9,243
IRAIDA,0,12,20
IRAJ,3,0,4
IRAKLI,4,0,7
IRAM,0,4,8
IRAN,1,1,4
IRELAND,1,1,4
IREM,0,3,6
IRENA,0,32,61
IRENE,1,431,825
IRENES,0,2,2
IRFAN,19,0,42
IRIN,2,2,6
IRINA,0,205,412
IRINE,0,3,9
IRINI,0,2,7
IRIS,1,316,535
IRISH,1,2,13
IRIT,0,5,10
IRKA,0,2,3
IRLANDA,0,2,2
IRMA,0,80,129
IRMAK,0,3,6
IRON,4,1,7
IRONELYS,0,2,2
IRV,13,0,19
IRVIN,22,0,41
IRVING,55,0,100
IRWAN,2,0,2
IRWIN,40,1,59
IRWING,4,0,5
IRYNA,0,14,25
ISA,13,20,59
ISAAC,271,2,517
ISAACS,2,0,3
ISAAK,5,0,10
ISABEL,0,192,372
ISABELA,0,15,23
ISABELL,0,2,7
ISABELLA,0,87,184
ISABELLE,0,79,163
ISAC,2,0,4
ISADORA,0,8,24
ISAI,3,0,7
ISAIAH,108,0,158
ISAIAS,12,0,18
ISAK,4,0,9
ISAM,2,0,3
ISAMAR,0,11,16
ISATU,0,4,7
ISAURA,0,16,23
ISELA,0,6,9
ISH,5,0,14
ISHA,0,17,34
ISHAAN,3,0,4
ISHAN,4,0,6
ISHARA,1,1,3
ISHITA,0,3,6
ISHMAEL,24,1,36
ISHMEL,3,0,3
ISHRAT,0,4,8
ISHTIAQ,2,0,4
ISHTIAQUE,3,0,5
ISIAH,23,0,34
ISIDOR,2,0,2
ISIDORE,5,0,10
ISIDRO,4,0,8
ISIOMA,0,4,4
ISIS,1,28,53
ISKANDAR,4,0,4
ISKANDER,2,0,3
ISLAM,10,1,17
ISMAEL,83,0,132
ISMAY,0,2,2
ISMELDA,0,2,5
ISMENIA,0,2,2
ISMET,7,1,13
ISOBEL,0,2,13
ISOLDE,0,2,2
ISOLINA,0,3,4
ISRAA,0,2,4
ISRAEL,144,2,212
ISRAR,2,0,3
ISRAT,0,6,8
ISREAL,4,0,6
ISSA,9,5,24
ISSAC,11,0,17
ISSACHAR,1,1,2
ISSAKA,3,0,4
ISSAM,2,0,7
ISSEI,2,0,3
ISSIAKA,2,0,3
ISSY,1,3,8
ISTIAQUE,2,0,3
ISTVAN,5,0,8
ISUF,3,0,4
ISY,0,2,2
ITA,1,10,22
ITAI,9,1,21
ITALO,6,0,12
ITAMAR,10,0,16
ITAY,6,0,14
ITI,1,1,3
ITIEL,2,0,3
ITO,2,0,3
ITSIK,2,0,2
ITTAI,3,0,6
ITZEL,0,3,7
ITZHAK,4,0,7
ITZIK,6,0,11
IULIA,0,4,6
IULIAN,2,0,3
IV,1,1,5
IVA,0,14,32
IVAILO,2,0,3
IVANA,0,35,97
IVANIA,0,4,7
IVANNA,0,16,28
IVANO,4,0,8
IVAYLO,2,0,5
IVE,1,5,13
IVELIN,2,0,2
IVELINA,0,2,3
IVELIS,0,3,6
IVELISA,0,2,2
IVELISE,0,3,10
IVELISSE,0,33,58
IVER,3,0,3
IVERSON,2,0,2
IVETA,0,6,10
IVETH,1,2,6
IVETTE,0,109,188
IVEY,0,2,7
IVI,1,2,6
IVIE,0,6,11
IVIN,2,0,2
IVO,10,0,23
IVON,2,5,10
IVONA,0,6,11
IVONE,0,3,5
IVONNE,1,60,103
IVOR,9,0,14
IVORY,5,11,20
IVY,1,121,271
IVYS,0,2,2
IVÁN,430,2,740
IWAN,6,0,9
IWONA,0,15,35
IYABO,0,2,4
IYANA,0,4,8
IYANNA,0,3,5
IYESHA,0,5,6
IYKE,2,0,2
IYORE,0,2,3
IZA,0,5,11
IZABEL,0,2,3
IZABELA,0,17,40
IZABELLA,0,15,29
IZAIAH,2,0,3
IZAK,2,0,4
IZETTA,0,2,4
IZHAR,2,0,3
IZIK,2,0,5
IZOLA,0,2,2
IZORA,0,2,2
IZUMI,1,5,14
IZY,2,0,2
IZZET,3,0,5
IZZIE,1,3,9
IZZY,39,15,110
IÑAKI,2,0,4
JA,13,2,26
JAAEL,1,1,3
JAAN,3,1,5
JAANA,0,2,2
JABARI,23,0,44
JABBAR,5,0,8
JABBER,1,1,2
JABED,3,0,5
JABER,2,0,3
JAC,5,3,14
JACALYN,0,2,5
JACC,2,0,2
JACE,11,0,19
JACEK,10,0,25
JACELYN,0,2,2
JACENTA,0,2,2
JACEY,0,4,9
JACI,0,10,20
JACINDA,0,9,12
JACINTA,0,12,18
JACINTH,1,5,8
JACINTHA,0,2,2
JACINTHE,0,2,2
JACINTO,5,0,9
JACK,868,7,1525
JACKE,1,1,2
JACKEE,0,10,13
JACKELIN,0,3,4
JACKELINE,0,21,33
JACKELYN,0,4,6
JACKI,2,20,45
JACKIE,31,712,1599
JACKILYN,0,3,3
JACKLYN,0,26,52
JACKS,2,1,4
JACKSON,82,2,161
JACKY,48,19,138
JACLENE,0,2,2
JACLYN,0,151,408
JACLYNN,0,3,7
JACO,2,0,6
JACOB,378,1,739
JACOBI,1,1,3
JACOBO,3,1,7
JACOBS,0,3,6
JACOLE,0,2,3
JACOPO,10,0,13
JACORY,2,0,2
JACQ,1,2,4
JACQUALINE,0,3,3
JACQUE,4,8,19
JACQUELENE,0,3,5
JACQUELIN,0,7,13
JACQUELINE,2,720,1400
JACQUELYN,0,62,113
JACQUELYNN,0,3,5
JACQUES,59,0,90
JACQUETTA,0,4,4
JACQUI,0,36,82
JACQUIE,0,26,47
JACQUILINE,0,3,3
JACQULINE,0,3,4
JACQULYN,0,4,7
JACY,1,5,10
JAD,12,1,17
JADA,4,30,56
JADDA,2,0,2
JADE,7,99,254
JADEL,0,2,2
JADEN,6,1,11
JADIE,1,1,5
JADINE,0,3,5
JADON,3,0,4
JADRANKA,0,2,3
JADY,2,0,4
JAE,56,21,154
JAEHEE,1,3,5
JAEHO,3,0,8
JAEHONG,3,0,3
JAEKYUNG,2,0,2
JAEL,1,10,20
JAEMIN,2,0,3
JAEO,2,0,2
JAEQUAN,3,0,3
JAESON,5,0,8
JAESUN,4,0,4
JAESUNG,3,0,3
JAEWON,7,0,15
JAEYOUNG,2,1,5
JAFARI,2,0,3
JAFET,2,0,4
JAFFAR,4,0,5
JAFOR,2,0,4
JAFRIN,0,2,2
JAGADEESH,2,0,2
JAGADISH,2,0,2
JAGAN,3,0,4
JAGDEEP,4,0,7
JAGDIP,2,0,2
JAGDISH,2,0,2
JAGGER,4,0,5
JAGRUTI,0,2,3
JAH,15,5,33
JAHAAD,2,0,2
JAHAIDA,0,2,2
JAHAIRA,0,24,41
JAHANGIR,4,0,5
JAHAYRA,0,5,7
JAHDIEL,2,0,3
JAHED,5,0,5
JAHI,3,0,5
JAHID,6,0,6
JAHIR,3,0,5
JAHIRA,0,5,6
JAH-KAYIA,0,2,2
JAHLIL,4,0,5
JAHMAL,7,0,12
JAHMANI,1,1,2
JAHMAR,4,0,7
JAHMEEK,2,0,3
JAHMEEL,2,0,2
JAHMEL,9,0,11
JAHN,2,1,4
JAHNAVI,0,2,3
JAHNETTE,0,2,2
JAHNNA,0,3,3
JAHQUAN,2,0,2
JAHRED,2,0,2
JAHREL,2,0,3
JAHRON,2,0,2
JAHSON,2,0,4
JAI,22,8,54
JAIDA,0,3,7
JAIDEEP,2,0,7
JAIDEV,2,0,2
JAILYN,1,3,5
JAIME,211,193,838
JAIMEE,0,12,34
JAIMIE,5,28,71
JAIMME,0,3,4
JAIMY,1,2,6
JAIN,2,2,5
JAINA,0,2,6
JAINABA,0,2,2
JAINARINE,2,0,2
JAIPAL,2,0,2
JAIPAUL,3,0,3
JAIQUAN,3,0,3
JAIR,14,0,21
JAIRAM,2,0,3
JAIRO,71,1,116
JAIRON,3,0,3
JAIRUS,4,0,6
JAIS,2,0,2
JAISON,16,0,25
JAJA,5,2,9
JAJUAN,2,0,2
JAK,5,0,8
JAKA,3,0,4
JAKE,432,4,841
JAKEA,0,2,2
JAKEEM,3,0,4
JAKELINE,0,2,3
JAKI,1,3,7
JAKIA,0,3,5
JAKIE,0,2,2
JAKKI,0,3,4
JAKOB,15,0,26
JAKUB,14,0,35
JALAL,3,0,6
JALANDA,0,2,2
JALANE,1,1,2
JALANI,2,0,2
JALEEL,5,0,8
JALEELA,0,2,2
JALEESA,0,19,32
JALEH,0,5,5
JALEN,7,0,11
JALIL,9,0,11
JALISA,0,12,22
JALISSA,0,10,19
JALIZA,0,2,2
JALLOH,2,0,2
JALON,1,1,3
JALPA,0,2,2
JALYN,3,0,4
JAM,5,2,10
JAMA,4,0,6
JAMAAL,55,0,89
JAMAEL,2,0,2
JAMAICA,1,1,8
JAMAINE,5,0,6
JAMAL,204,0,334
JAMALL,4,0,7
JAMAR,48,0,79
JAMARA,0,2,3
JAMARI,3,1,5
JAMARR,5,0,8
JAMAUL,2,0,3
JAME,7,1,9
JAMEE,0,5,11
JAMEEK,2,0,2
JAMEEKA,0,4,4
JAMEEL,11,2,19
JAMEELA,0,9,11
JAMEELAH,0,5,9
JAMEEN,1,1,2
JAMEILA,0,2,2
JAMEL,132,4,207
JAMELA,0,6,15
JAMELAH,0,2,4
JAMELE,2,0,2
JAMELIA,0,10,11
JAMELL,14,0,18
JAMELLA,0,7,11
JAMELLE,4,0,4
JAMES,3510,13,6056
JAMESON,12,3,32
JAMESS,2,0,2
JAMEY,9,2,24
JAMEZ,5,0,9
JAMI,0,30,62
JAMICE,0,3,3
JAMIE,242,556,1761
JAMIEANN,0,2,2
JAMIEK,2,0,3
JAMIEL,5,0,10
JAMIELA,0,2,2
JAMIELEE,0,5,7
JAMIELYNN,0,2,3
JAMIESON,2,1,8
JAMIEY,0,2,2
JAMIK,2,0,2
JAMIKA,0,5,9
JAMIL,42,1,71
JAMILA,0,56,117
JAMILAH,0,7,14
JAMILET,0,4,5
JAMILL,1,1,2
JAMILLA,0,5,15
JAMILLAH,0,7,14
JAMILY,1,1,4
JAMIN,6,1,13
JAMINE,1,1,5
JAMIRA,0,2,2
JAMISHA,0,2,3
JAMISON,9,0,17
JAMIYLA,0,3,5
JAMMI,0,2,3
JAMMIE,3,1,6
JAMPA,0,2,3
JAMSHED,3,0,3
JAMSHID,3,0,4
JAMY,3,1,8
JAMYANG,1,2,4
JAN,115,86,359
JANA,0,91,184
JANAE,0,21,40
JANAH,0,2,3
JANAI,0,5,8
JANAINA,0,5,13
JANAINE,0,2,2
JANAK,4,0,7
JANAN,0,2,5
JANAY,0,23,30
JANAYA,0,2,8
JANAYE,0,2,5
JANCY,1,2,6
JANE,1,594,1212
JANEA,0,4,8
JANEAN,0,2,6
JANEE,0,13,22
JANEEN,0,27,45
JANEK,2,0,2
JANEL,1,34,67
JANELL,0,15,47
JANELLA,0,4,8
JANELLE,0,133,292
JANELLI,0,2,2
JANELLY,0,3,6
JANELY,0,2,2
JANEMARIE,0,2,3
JANENE,0,4,18
JANERA,0,2,2
JANERIS,0,2,3
JANERY,0,2,3
JANESE,0,3,6
JANESSA,0,14,32
JANET,0,716,1218
JANETH,0,18,30
JANETT,0,6,13
JANETTA,0,4,4
JANETTE,0,53,89
JANEVA,0,4,4
JANEY,0,8,20
JANG,3,4,16
JANI,4,3,21
JANIA,0,2,4
JANICA,0,4,6
JANICE,0,397,679
JANICELYN,0,2,2
JANIE,0,37,77
JANIECE,0,6,9
JANIEL,0,5,6
JANIELLE,0,4,6
JANIKA,0,2,2
JANIL,0,2,4
JANIN,0,4,5
JANINA,0,32,54
JANINE,0,231,479
JANIQUE,0,2,6
JANIRA,0,4,8
JANIRIS,0,4,6
JANIS,4,38,72
JANISA,0,3,4
JANISE,0,8,8
JANISHA,0,2,3
JANISSE,0,2,2
JANITA,0,5,6
JANITZA,0,3,4
JANKI,0,2,7
JANN,1,4,11
JANNA,0,33,95
JANNAH,0,3,4
JANNATUL,0,2,7
JANNEH,1,1,2
JANNELL,0,4,6
JANNELLE,0,6,8
JANNER,2,1,4
JANNET,0,6,11
JANNETH,0,3,7
JANNETTE,0,23,40
JANNIE,0,7,15
JANNINA,0,2,3
JANNINE,0,8,12
JANNY,1,6,18
JANS,5,0,5
JANSEN,1,1,5
JANUARY,1,8,20
JANUS,3,1,7
JANUSZ,8,0,9
JANY,0,7,7
JAO,2,0,4
JAPHET,3,0,4
JAPHIA,1,2,3
JAQUAN,13,0,26
JAQUANN,2,0,2
JAQUAY,2,1,3
JAQUELINA,0,2,2
JAQUELINE,0,11,20
JAQUES,2,0,2
JARA,1,1,6
JARAD,6,0,10
JARDINE,1,1,2
JARED,352,1,738
JAREK,7,0,13
JAREL,7,0,11
JARELL,8,0,10
JAREN,3,1,7
JARENA,0,2,2
JARET,4,0,6
JARETH,5,0,5
JARETT,7,0,19
JARICE,2,0,2
JARINA,0,3,3
JARITZA,0,3,4
JARMAINE,2,0,3
JARMAL,3,0,3
JAROD,6,0,10
JAROMIR,2,0,3
JARON,15,0,29
JAROSLAW,2,0,4
JARRAD,5,0,12
JARRED,19,0,32
JARREL,2,0,7
JARRELL,4,0,7
JARRET,10,0,24
JARRETT,39,0,68
JARROD,40,0,60
JARRON,2,0,2
JARRY,2,0,3
JARVIS,16,1,25
JARY,2,1,3
JAS,4,5,16
JASDEEP,3,0,4
JASEN,13,0,20
JASH,1,1,3
JASHAWN,2,0,2
JASHIM,2,0,3
JASHIN,0,2,2
JASHIRA,0,3,5
JASICA,0,2,2
JASIM,2,0,3
JASIN,2,1,5
JASIRY,0,2,2
JASJEET,2,0,3
JASKARAN,0,2,4
JASKIRAT,2,0,3
JASLEEN,1,6,14
JASLENE,0,2,4
JASMAINE,0,3,4
JASMEEN,0,3,5
JASMEET,3,5,10
JASMEN,0,4,4
JASMIN,5,156,302
JASMINA,0,21,34
JASMINE,0,469,943
JASMINKA,0,3,5
JASMYN,0,8,13
JASMYNE,0,3,7
JASNA,0,5,15
JASON,3064,2,5678
JASON-MICHAEL,2,0,2
JASPAL,3,1,10
JASPER,36,2,70
JASPREET,12,1,17
JASS,0,4,5
JASSEN,4,0,6
JASSI,3,0,5
JASSICA,0,2,4
JASSIEL,2,1,5
JASSIN,2,0,2
JASSMIN,0,3,4
JASSON,4,0,4
JASSY,0,2,2
JASWINDER,2,1,8
JATAWN,1,2,3
JATIN,6,0,11
JATINDER,4,0,15
JATNNA,0,2,3
JAV,3,0,4
JAVAD,2,0,4
JAVAIRIA,0,2,2
JAVAN,10,2,15
JAVAR,2,0,2
JAVAUGHN,2,0,4
JAVE,1,1,2
JAVED,10,0,24
JAVETTE,0,2,2
JAVI,8,1,20
JAVID,8,0,14
JAVIEL,2,0,2
JAVIER,325,1,551
JAVIERA,0,2,4
JAVIN,3,0,6
JAVIS,2,1,3
JAVON,33,2,55
JAVONA,0,2,3
JAVONE,2,0,3
JAVONNA,0,2,3
JAVONTE,2,0,3
JAVY,4,0,5
JAWA,1,1,2
JAWAD,13,0,25
JAWAN,2,0,2
JAWANN,2,0,2
JAWARA,5,0,6
JAX,4,3,10
JAXON,2,0,4
JAY,1202,50,2180
JAYA,4,11,28
JAYAN,2,0,2
JAYANT,3,0,6
JAYANTA,3,0,4
JAYANTI,1,1,3
JAYASRI,0,2,2
JAYCE,1,2,8
JAYCEE,3,2,7
JAYDA,0,3,5
JAYDE,2,2,9
JAYDEN,9,1,19
JAYE,3,7,26
JAYESH,5,0,10
JAYH,1,1,2
JAYJ,2,0,2
JAYJAY,2,1,6
JAY-JAY,4,1,5
JAYLA,0,4,8
JAYLEEN,0,3,4
JAYLEN,2,0,5
JAYLENE,0,3,9
JAYLIN,0,2,4
JAYLON,2,0,3
JAYLYN,1,1,3
JAYME,7,25,68
JAYMEE,0,7,13
JAYMES,4,1,7
JAYMIE,1,7,20
JAYMZ,4,0,4
JAYNA,0,5,10
JAYNE,0,73,124
JAYNIE,0,3,3
JAYO,2,0,2
JAYOUNG,0,2,4
JAYQUAN,6,0,7
JAYR,2,0,2
JAY-R,4,0,4
JAYRON,2,1,3
JAYSEAN,3,0,3
JAYSEN,6,0,6
JAYSON,86,0,155
JAYTEE,1,1,3
JAY-Z,2,0,2
JAZ,3,5,17
JAZEL,0,4,4
JAZLINE,0,2,2
JAZMEN,0,2,4
JAZMIN,0,60,131
JAZMINE,0,63,111
JAZMYN,0,2,8
JAZZ,11,7,36
JAZZEE,1,1,2
JAZZIE,0,4,6
JAZZMIN,0,4,10
JAZZY,10,12,38
JE,3,2,9
JEA,2,0,2
JEAN,327,376,1116
JEANA,0,13,31
JEANANN,0,2,6
JEAN-BAPTISTE,3,0,13
JEANCARLOS,4,0,5
JEAN-CHRISTOPHE,4,0,7
JEANCLAUDE,2,0,3
JEAN-CLAUDE,6,0,16
JEANDARCEL,2,0,2
JEANE,0,2,3
JEANEEN,0,2,2
JEANEL,0,2,3
JEANELL,0,2,2
JEANELLA,0,2,2
JEANELLE,0,6,8
JEANENE,0,3,10
JEANET,1,2,3
JEANETTA,0,5,6
JEANETTE,0,276,475
JEAN-FRANCOIS,5,0,10
JEANHEE,0,2,3
JEANI,0,3,5
JEANICE,0,2,6
JEANIE,0,47,81
JEANINE,0,128,280
JEAN-JACQUES,2,0,4
JEAN-LOUIS,8,0,13
JEANLUC,4,0,5
JEAN-LUC,8,0,14
JEAN-MARC,4,0,15
JEANMARIE,0,29,47
JEAN-MARIE,0,5,9
JEAN-MICHEL,8,0,12
JEANNA,0,18,31
JEANNE,0,247,424
JEANNEMARIE,0,2,4
JEANNE-MARIE,0,2,4
JEANNETH,0,3,3
JEANNETTA,0,2,2
JEANNETTE,0,151,262
JEANNIE,0,135,239
JEANNINE,0,83,145
JEANNY,0,4,8
JEANO,2,0,2
JEANPAUL,2,0,4
JEAN-PAUL,20,0,32
JEAN-PHILIPPE,4,0,7
JEAN-PIERRE,12,0,32
JEAN-YVES,2,0,4
JEB,11,0,18
JEBA,0,2,3
JECA,0,2,2
JED,44,1,100
JEDA,1,1,2
JEDD,3,0,6
JEDI,1,1,5
JEDIDIAH,3,0,5
JEE,2,10,30
JEEHEE,0,2,3
JEEMIN,1,1,2
JEENA,0,3,4
JEENO,2,0,2
JEET,6,0,8
JEEVES,2,0,3
JEEWAN,2,0,4
JEEWON,0,2,6
JEEYEON,0,2,5
JEEYOUNG,0,2,3
JEF,6,0,12
JEFERSON,5,0,7
JEFF,1374,0,2647
JEFFER,2,0,2
JEFFEREY,5,0,5
JEFFERS,2,0,2
JEFFERSON,50,0,86
JEFFERY,47,0,72
JEFFRE,2,0,3
JEFFREY,1106,0,1916
JEFFRIE,5,0,5
JEFFRY,9,0,19
JEFFY,6,0,7
JEFREY,3,0,4
JEFRY,4,0,4
JEHAN,1,3,16
JEHANNE,1,2,3
JEHANZEB,4,0,4
JEHU,3,0,6
JEI,2,0,5
JEIMY,1,8,15
JEISON,5,0,8
JEISSON,2,0,4
JELANI,43,0,73
JELENA,0,25,60
JELISA,0,2,7
JELISSA,0,3,14
JELLISA,0,2,4
JEM,0,2,9
JEMAINE,3,0,3
JEMAL,10,0,19
JEMEL,5,1,14
JEMELL,2,0,4
JEMIMA,0,8,11
JEMIMAH,0,2,5
JEMINA,0,2,6
JEMMA,0,9,14
JEMMY,2,2,6
JEN,3,449,1206
JENA,0,26,58
JENAE,0,3,5
JENAI,1,2,7
JENAY,0,5,7
JENCY,0,4,7
JENDAYI,0,4,7
JENDY,1,1,2
JENE,2,2,8
JENEAN,0,3,6
JENEANE,0,2,3
JENEBA,0,2,3
JENEE,0,8,19
JENEEN,0,3,9
JENEL,0,8,10
JENELL,0,4,11
JENELLE,0,33,63
JENELLY,0,2,4
JENESSA,0,4,11
JENET,0,2,2
JENETTE,0,4,6
JENI,0,22,51
JENICA,0,3,5
JENICE,0,15,19
JENIE,0,5,6
JENIECE,0,5,9
JENIFER,0,42,93
JENIFFER,0,15,27
JENILEE,0,2,6
JENILLE,0,5,5
JENILYN,0,2,3
JENINA,0,2,3
JENINE,0,13,37
JENINNE,0,2,3
JENIQUE,0,3,5
JENISE,0,14,24
JENISSA,0,3,4
JENITA,0,2,4
JENJIRA,0,2,2
JENKINS,1,1,8
JENN,1,190,495
JENNA,0,300,775
JENNEE,0,2,2
JENNEFER,0,7,9
JENNEH,0,2,2
JENNEL,0,4,5
JENNELL,0,3,6
JENNELLE,0,4,5
JENNET,0,2,3
JENNETTE,0,8,14
JENNI,0,37,104
JENNICE,0,5,5
JENNIE,0,147,335
JENNIECE,0,2,2
JENNIFA,0,3,3
JENNIFER,3,3933,8652
JENNIFFER,0,12,19
JENNILEE,0,2,2
JENNINE,0,12,22
JENNIPHER,0,5,8
JENNIQUE,0,2,2
JENNISE,0,2,2
JENNIVA,0,2,2
JENNY,2,799,1818
JENNYFER,0,7,15
JENRY,2,0,2
JENS,17,0,29
JENSEN,9,1,18
JENSEY,2,0,3
JENSON,5,0,8
JENY,0,2,4
JENYA,1,6,12
JENYFFER,0,2,4
JEO,1,1,2
JEONG,5,9,27
JEONGHEE,2,0,2
JEORGE,4,0,4
JEOVANNY,2,0,2
JEPHTE,2,0,2
JERA,0,2,3
JERALD,12,0,19
JERAMI,2,0,2
JERARD,7,0,7
JERE,1,1,4
JEREL,8,0,15
JERELL,7,0,12
JERELYN,0,3,4
JEREME,2,0,2
JEREMEY,2,0,2
JEREMI,5,0,7
JEREMIAH,71,0,142
JEREMIAS,6,0,8
JEREMY,740,5,1503
JERI,0,16,44
JERICA,0,4,6
JERICK,3,0,3
JERICO,5,0,7
JERIE,0,2,3
JERIKA,0,2,5
JERILYN,0,8,15
JERIMIAH,2,0,2
JERIN,4,1,7
JERINE,0,2,2
JERM,2,0,2
JERMAIN,6,0,12
JERMAINE,198,1,293
JERMAL,5,0,5
JERMANE,2,0,3
JERMEL,7,0,11
JERMELL,1,1,2
JERMY,1,1,3
JERMYN,2,0,2
JEROD,2,0,7
JERODE,3,0,3
JEROEN,4,0,7
JEROLD,3,0,6
JEROME,243,2,369
JEROMY,2,0,3
JERON,3,0,4
JERONE,3,0,3
JERONIMO,4,0,7
JERRAH,1,1,2
JERRARD,2,0,2
JERREL,4,0,5
JERRELL,10,0,14
JERRI,1,9,19
JERRICA,0,3,7
JERROD,4,0,11
JERROLD,4,0,8
JERSEY,1,3,9
JERSON,9,0,10
JERUSHA,0,2,4
JERVE,2,0,2
JERVIS,5,0,6
JERYL,2,2,5
JES,1,10,28
JESAL,2,1,6
JESCA,0,2,2
JESENIA,0,31,59
JESHER,1,1,2
JESI,0,3,8
JESICA,0,8,14
JESIKA,0,4,9
JESMY,0,2,2
JESON,2,1,3
JESPER,6,0,15
JESS,21,162,455
JESSA,1,13,26
JESSALYN,0,3,8
JESSAMYN,0,4,11
JESSANN,0,2,2
JESSE,621,49,1254
JESSECA,0,3,3
JESSEE,0,2,2
JESSEL,2,1,3
JESSELLE,0,2,2
JESSEN,2,0,5
JESSENIA,0,45,74
JESSEY,0,3,5
JESSI,2,25,71
JESSIBEL,0,2,3
JESSICA,1,2965,6774
JESSICA-,0,2,2
JESSICALYNN,0,2,3
JESSIE,37,220,561
JESSII,0,2,2
JESSIICA,1,1,4
JESSIKA,0,17,37
JESSY,11,47,104
JESSYCA,0,6,8
JESSYE,0,2,4
JESTYN,2,0,2
JESUSITA,0,2,2
JESY,1,3,5
JESÚS,235,3,357
JET,11,2,25
JETA,0,3,4
JETHRO,5,0,8
JETON,3,0,5
JETT,4,0,7
JETTA,1,2,5
JETTINA,0,2,2
JEURY,3,0,4
JEV,2,0,3
JEVAUGHN,3,0,4
JEVAUN,2,0,3
JEVON,18,0,28
JEVONNE,0,3,4
JEWAN,3,0,4
JEWEL,7,40,84
JEWELL,1,7,10
JEWELS,2,6,12
JEXSENIA,0,2,2
JEY,4,2,7
JEYA,1,3,5
JEYLA,0,3,4
JEYSSON,3,0,3
JEZABEL,0,2,3
JEZEBEL,0,3,6
JEŻ,1,1,4
JHANELLE,1,1,3
JHEANELL,0,3,8
JHOAN,5,0,6
JHOANA,0,2,7
JHOANNA,0,5,7
JHOANNY,0,2,3
JHOJAN,3,0,4
JHON,41,0,66
JHONATAN,7,0,9
JHONATHAN,7,0,8
JHONN,2,0,4
JHONNATAN,4,0,4
JHONNY,19,0,30
JHONSON,2,0,3
JHONY,7,0,8
JHOVANA,0,2,2
JHOVANNY,3,0,5
JHUN,4,0,4
JI,21,38,95
JIA,15,27,89
JIAJUN,2,0,2
JIALI,0,4,8
JIALIANG,2,0,4
JIAMIN,1,1,3
JIAMING,2,0,2
JIAN,35,9,88
JIANA,0,2,3
JIANG,9,1,16
JIANING,1,1,4
JIANNA,0,2,3
JIANPING,0,2,3
JIAO,1,2,5
JIAQI,1,1,2
JIAWEI,3,1,5
JIA-YI,1,1,2
JIAYIN,0,2,2
JIAYING,0,3,3
JIB,1,1,3
JIBIN,4,0,7
JIBRAIL,2,0,2
JIBREEL,2,0,2
JIBRI,2,0,3
JIBRIL,2,0,2
JIDE,6,0,10
JIE,16,16,56
JIEUN,0,19,30
JIGAR,10,0,19
JIGGS,2,0,3
JIGISHA,0,2,2
JIGME,3,1,7
JIGNA,0,2,3
JIGNESH,8,0,8
JIHAD,4,0,8
JIHAE,0,6,9
JIHAN,1,8,20
JIHEE,0,6,9
JIHOON,3,0,6
JIHYE,0,10,17
JIHYUN,1,5,13
JIIN,0,2,4
JIJI,0,3,7
JIJO,2,0,2
JIL,0,4,7
JILIAN,0,4,9
JILL,2,560,1260
JILLA,0,2,2
JILLAN,1,2,3
JILLIAN,0,241,576
JILLIANA,0,2,2
JILLIANN,0,2,4
JILLY,0,6,13
JILYAN,0,2,2
JIM,993,2,1694
JIMBO,7,0,13
JIMEKA,0,2,3
JIMENA,0,3,13
JIMENEZ,1,1,4
JIMI,14,1,35
JIMIN,1,2,8
JIMM,3,0,4
JIMMI,2,0,3
JIMMIE,17,1,36
JIMMY,695,3,1296
JIMOND,2,0,2
JIMS,2,0,2
JIMY,4,0,5
JIN,68,36,210
JINA,0,19,36
JINAH,0,5,7
JINAL,4,2,9
JINBIN,1,1,2
JINCY,0,2,6
JINELLE,0,7,8
JINET,0,2,4
JINETT,0,2,2
JINETTE,0,4,6
JING,14,53,127
JINGER,0,2,3
JINGJIN,0,2,2
